prefix,ok,chi_1(395),chi_2(395),hash,CC
rc_-15_11,True,-148.78984558861526,-90.07148534645643,318034047263201625794679678666021362179,0.7456
rc_-15_-12,True,-148.78984558861526,-92.37148534645642,118390039582695245095747749174599721640,0.7395
rc_-15_-15,True,-148.78984558861526,-92.67148534645638,309429317601342270246402879114644390985,0.7449
rc_-15_-11,True,-148.78984558861526,-92.27148534645644,205912611311223362235156181241098040044,0.741
rc_-15_-6,True,-148.78984558861526,-91.77148534645642,284054737635031543949690098594663860762,0.7423
rc_-15_3,True,-148.78984558861526,-90.87148534645641,13122774852201494439188588578954737224,0.7414
rc_-15_4,True,-148.78984558861526,-90.77148534645643,331356858960126795271725787469244672645,0.7413
rc_-15_-1,True,-148.78984558861526,-91.27148534645643,27569255215936333813799602357803451500,0.7418
rc_-15_-8,True,-148.78984558861526,-91.97148534645635,9165975750265050838673764671393616391,0.7409
rc_-15_6,True,-148.78984558861526,-90.57148534645643,204069569621280175343079518514913001535,0.7427
rc_-15_5,True,-148.78984558861526,-90.67148534645646,257739970063683843467510641472600575160,0.7429
rc_-15_1,True,-148.78984558861526,-91.07148534645641,6912867835054941062972206115007958111,0.7416
rc_-15_-14,True,-148.78984558861526,-92.5714853464564,132018440092880146567168053764124661025,0.7448
rc_-15_-10,True,-148.78984558861526,-92.1714853464564,215807120820528543780991838473217356751,0.7409
rc_-15_-2,True,-148.78984558861526,-91.3714853464564,7422019952988606245667997221417305959,0.742
rc_-15_-3,True,-148.78984558861526,-91.47148534645645,254088648150457926640532999817548805840,0.742
rc_-15_-9,True,-148.78984558861526,-92.07148534645637,42788894502813520772130532487507596684,0.7409
rc_-15_12,True,-148.78984558861526,-89.97148534645646,65156788702101940841923360024507774320,0.7455
rc_-15_10,True,-148.78984558861526,-90.17148534645642,320795307373505599458606363949764595356,0.7457
rc_-15_-4,True,-148.78984558861526,-91.57148534645644,236935753019246562123622972307246389734,0.7421
rc_-15_2,True,-148.78984558861526,-90.97148534645646,308879726143864120042012371632757663350,0.7415
rc_-15_0,True,-148.78984558861526,-91.17148534645642,87298551091520081246714625043288514296,0.7418
rc_-15_-7,True,-148.78984558861526,-91.87148534645641,150341419274296658760376752323584078291,0.7408
rc_-15_-5,True,-148.78984558861526,-91.67148534645649,250248785898404340406168417371264902817,0.7422
rc_-15_-13,True,-148.78984558861526,-92.47148534645646,300743090714558298152523983022551468095,0.7395
rc_-15_8,True,-148.78984558861526,-90.37148534645644,251595598725829769251015448272636166811,0.746
rc_-15_7,True,-148.78984558861526,-90.47148534645643,129295557254832495497754971306726922255,0.7461
rc_-15_13,True,-148.78984558861526,-89.87148534645642,326794799139190003199992093616542304776,0.7453
rc_-15_9,True,-148.78984558861526,-90.27148534645646,2424102029726385304636577333657048576,0.7458
rc_-15_14,True,-148.78984558861526,-89.77148534645639,103509399477148997749130410683993888885,0.7469
rc_-15_15,True,-148.78984558861526,-89.6714853464564,289433949862759602356633541649951157399,0.7469
rc_-14_-8,True,-148.6898455886152,-91.97148534645639,208942732063033855556088515870838556334,0.7425
rc_-14_-15,True,-148.6898455886152,-92.67148534645644,316930966256172335500887566621113412804,0.7449
rc_-14_-14,True,-148.6898455886152,-92.5714853464564,1557310303512516890112654480222321445,0.7431
rc_-14_-5,True,-148.6898455886152,-91.67148534645642,180386390280900072243343015832383413668,0.7422
rc_-14_-11,True,-148.6898455886152,-92.27148534645642,285084559742429489267049884287588173463,0.7412
rc_-14_-10,True,-148.6898455886152,-92.17148534645635,38561050624357731797945406622887069248,0.741
rc_-14_-12,True,-148.6898455886152,-92.37148534645634,33703620698886821814190352126487170908,0.7411
rc_-14_-7,True,-148.6898455886152,-91.8714853464564,135623186552311149440959392111677494114,0.7424
rc_-14_-13,True,-148.6898455886152,-92.47148534645638,280139276253090873528762789749918723661,0.7395
rc_-14_-6,True,-148.6898455886152,-91.7714853464564,51358671765100859931480714440762350935,0.7423
rc_-14_-9,True,-148.6898455886152,-92.0714853464564,247163305195915051915668416198803335480,0.7426
rc_-14_4,True,-148.6898455886152,-90.7714853464564,139740915860477891353956680883067525575,0.7413
rc_-14_-4,True,-148.6898455886152,-91.57148534645643,292260858105324333599473121712174349683,0.7421
rc_-14_-3,True,-148.6898455886152,-91.4714853464564,321852703964627400072501697115111764724,0.7419
rc_-14_-1,True,-148.6898455886152,-91.27148534645634,110721113717194218846956706629252458544,0.7418
rc_-14_1,True,-148.6898455886152,-91.07148534645638,12705900294664481506201644454885303846,0.7416
rc_-14_-2,True,-148.6898455886152,-91.37148534645642,300761278486566039276807038311331847146,0.7419
rc_-14_3,True,-148.6898455886152,-90.87148534645641,66775238078686698797772762345603284438,0.7414
rc_-14_2,True,-148.6898455886152,-90.9714853464564,311720117088098079217421452208836325630,0.7415
rc_-14_0,True,-148.6898455886152,-91.17148534645641,224296220186884930417620827174343303663,0.7417
rc_-14_9,True,-148.6898455886152,-90.27148534645644,181119229146745782879698418423994181023,0.7458
rc_-14_5,True,-148.6898455886152,-90.67148534645641,96899959736822228916394510024035200984,0.7429
rc_-14_7,True,-148.6898455886152,-90.47148534645638,282143470549401270635860659239302174835,0.7461
rc_-14_6,True,-148.6898455886152,-90.57148534645641,165093896008033658642908473420334318701,0.7462
rc_-14_10,True,-148.6898455886152,-90.17148534645636,219231878496057577244531241296080477307,0.7457
rc_-14_8,True,-148.6898455886152,-90.3714853464564,230690666451376978077447639014982791437,0.746
rc_-14_12,True,-148.6898455886152,-89.97148534645645,102183677200190079679964714659168195430,0.7473
rc_-14_11,True,-148.6898455886152,-90.07148534645643,27024876850545943673302986442051685686,0.7456
rc_-14_15,True,-148.6898455886152,-89.6714853464564,105202935977089922746480751976376659267,0.7469
rc_-13_-7,True,-148.58984558861522,-91.87148534645654,97015248338015240818254282724419256216,0.7424
rc_-14_14,True,-148.6898455886152,-89.77148534645642,146738425724221552112746151983248228344,0.7469
rc_-14_13,True,-148.6898455886152,-89.87148534645634,275718794609097574797829557618691223845,0.7471
rc_-13_-3,True,-148.58984558861522,-91.47148534645648,22561286025335216968202613912331623378,0.742
rc_-13_-15,True,-148.58984558861522,-92.67148534645652,24804176272961945638070864604403883589,0.7397
rc_-13_-12,True,-148.58984558861522,-92.37148534645652,64704872849978778563496303188729615556,0.7428
rc_-13_-14,True,-148.58984558861522,-92.5714853464565,40083787617661336955097872857774077931,0.7415
rc_-13_-11,True,-148.58984558861522,-92.27148534645652,244408017603590244179128474715588082695,0.7428
rc_-13_-10,True,-148.58984558861522,-92.17148534645652,15684622362319246094317639242324769615,0.7427
rc_-13_-13,True,-148.58984558861522,-92.47148534645655,108687063060436720287209515294336945800,0.7413
rc_-13_-8,True,-148.58984558861522,-91.9714853464566,323007705947295863754898029761563205244,0.7425
rc_-13_2,True,-148.58984558861522,-90.97148534645657,131521592188026459353840318594113379522,0.7415
rc_-13_-9,True,-148.58984558861522,-92.07148534645653,330415928490586846144751355986818341178,0.7426
rc_-13_-6,True,-148.58984558861522,-91.77148534645653,314411599265399670405237450361283646249,0.7422
rc_-13_-4,True,-148.58984558861522,-91.57148534645653,239830070067421082642835521544029654684,0.7422
rc_-13_-5,True,-148.58984558861522,-91.67148534645655,275638520182689852612851562695839489785,0.7422
rc_-13_-1,True,-148.58984558861522,-91.27148534645647,95339624138038961083262350273183566289,0.7418
rc_-13_0,True,-148.58984558861522,-91.17148534645654,322478925267055432810886334197221209888,0.7417
rc_-13_3,True,-148.58984558861522,-90.87148534645648,61697739458645674899649904206712887777,0.7415
rc_-13_-2,True,-148.58984558861522,-91.37148534645654,40346216005475774966682276224952345316,0.7419
rc_-13_8,True,-148.58984558861522,-90.37148534645652,304793578765598808336372564299118330211,0.746
rc_-13_1,True,-148.58984558861522,-91.07148534645653,31185594392321775806209118063712511561,0.7416
rc_-13_6,True,-148.58984558861522,-90.57148534645646,148886895002759517721431581336694606919,0.7462
rc_-13_5,True,-148.58984558861522,-90.67148534645649,50970248721584086608070529642471998487,0.7412
rc_-13_7,True,-148.58984558861522,-90.4714853464565,76667030571429208366142353870433045286,0.746
rc_-13_4,True,-148.58984558861522,-90.77148534645656,26256684208367484095297630930532632593,0.7413
rc_-13_9,True,-148.58984558861522,-90.27148534645654,337475974130309689143159140184623317000,0.7476
rc_-12_-13,True,-148.4898455886152,-92.47148534645635,117576496354892151459578945166287092876,0.743
rc_-12_-9,True,-148.4898455886152,-92.07148534645638,272148766356514880538875927067604541253,0.7427
rc_-13_10,True,-148.58984558861522,-90.17148534645649,8575586557041425920438376946465247131,0.7475
rc_-13_11,True,-148.58984558861522,-90.07148534645656,208049633536852242116257580474101426955,0.7474
rc_-13_14,True,-148.58984558861522,-89.7714853464565,156843001038466062756792143669743589875,0.7469
rc_-13_12,True,-148.58984558861522,-89.9714853464565,114308232903412812198086220622270490581,0.7472
rc_-12_-14,True,-148.4898455886152,-92.5714853464564,79533095253386411451128020353159161387,0.7431
rc_-13_13,True,-148.58984558861522,-89.87148534645651,137015298599623203655922171592797046078,0.7471
rc_-12_-11,True,-148.4898455886152,-92.27148534645636,62921158609732920338646495784384978233,0.7428
rc_-13_15,True,-148.58984558861522,-89.67148534645654,160543515713159638013725713922113303240,0.7469
rc_-12_-15,True,-148.4898455886152,-92.67148534645638,224252565588257575807803311139420710554,0.7431
rc_-12_-10,True,-148.4898455886152,-92.1714853464564,200040970206707341720525076884389645666,0.7427
rc_-12_-12,True,-148.4898455886152,-92.3714853464564,323892575444592522587444426012101474114,0.7429
rc_-12_-4,True,-148.4898455886152,-91.57148534645631,40433682499222457848940433113094991320,0.7421
rc_-12_-8,True,-148.4898455886152,-91.97148534645635,326217089280514807900854858004892977017,0.7425
rc_-12_-5,True,-148.4898455886152,-91.67148534645636,205348799307392831877181409626994033571,0.7422
rc_-12_-7,True,-148.4898455886152,-91.87148534645638,170612467162221760872034882176832619092,0.7425
rc_-12_-6,True,-148.4898455886152,-91.77148534645636,299753500348849564312299702338576252795,0.7423
rc_-12_2,True,-148.4898455886152,-90.97148534645633,101082368062642256726586783347766622097,0.7416
rc_-12_3,True,-148.4898455886152,-90.87148534645641,202979867126201228869275486519275877609,0.7414
rc_-12_1,True,-148.4898455886152,-91.07148534645641,44558480831299314804822865222496670495,0.7416
rc_-12_-1,True,-148.4898455886152,-91.27148534645636,263157335088550565570004907155935039026,0.7418
rc_-12_-2,True,-148.4898455886152,-91.37148534645638,102779458115310524294034451814437446466,0.742
rc_-12_0,True,-148.4898455886152,-91.17148534645641,175815208044844821540215695971530675131,0.7418
rc_-12_-3,True,-148.4898455886152,-91.47148534645643,31848521687248291331878200104606854305,0.742
rc_-12_5,True,-148.4898455886152,-90.67148534645636,207850546758410822883104427194580869845,0.7412
rc_-12_4,True,-148.4898455886152,-90.77148534645642,102160485205784319766989983645684074489,0.7413
rc_-12_7,True,-148.4898455886152,-90.47148534645639,9014749545338022559509432178496653466,0.7479
rc_-12_6,True,-148.4898455886152,-90.57148534645636,109402338025666854636268496017041934478,0.7445
rc_-12_10,True,-148.4898455886152,-90.17148534645642,87895912029441761754275875635224818399,0.7475
rc_-12_9,True,-148.4898455886152,-90.27148534645642,146403407885249067745330936458289719781,0.7476
rc_-12_13,True,-148.4898455886152,-89.8714853464564,308403093868764187773839567018081461386,0.7471
rc_-12_11,True,-148.4898455886152,-90.07148534645637,66530340262794477379010065938880398022,0.7474
rc_-12_12,True,-148.4898455886152,-89.97148534645645,103086601102391016258973697506893882421,0.7472
rc_-12_14,True,-148.4898455886152,-89.77148534645642,253444299346037716133835825655178578431,0.747
rc_-12_15,True,-148.4898455886152,-89.67148534645632,155307976813254904463426037486459153818,0.7468
rc_-11_-14,True,-148.38984558861517,-92.57148534645646,226906309995180501904814620604323754183,0.7431
rc_-11_-15,True,-148.38984558861517,-92.67148534645646,200545288591559371065347241834942074313,0.7431
rc_-11_-13,True,-148.38984558861517,-92.4714853464564,309562434247374675966901173798642713486,0.7429
rc_-11_-12,True,-148.38984558861517,-92.37148534645647,79021859779966869311636164212584383413,0.7429
rc_-11_-5,True,-148.38984558861517,-91.67148534645642,91750672527693093362318994082210945061,0.7423
rc_-11_-10,True,-148.38984558861517,-92.17148534645644,29453607289048707645436080659594165141,0.7427
rc_-11_-9,True,-148.38984558861517,-92.07148534645638,22080896719550485033699123925747844208,0.7426
rc_-11_-7,True,-148.38984558861517,-91.87148534645647,89837621812204214101062668033074516202,0.7424
rc_-11_-11,True,-148.38984558861517,-92.27148534645643,36668371697840972373970480283146911911,0.7428
rc_-11_-8,True,-148.38984558861517,-91.97148534645639,148674990865731770260210351314628746284,0.7425
rc_-11_2,True,-148.38984558861517,-90.97148534645638,109066831310028827058222427182237430796,0.7416
rc_-11_-2,True,-148.38984558861517,-91.37148534645641,292489259466302800673365599185290456393,0.7419
rc_-11_-6,True,-148.38984558861517,-91.77148534645643,338266899379926250284115929561476120079,0.7423
rc_-11_-4,True,-148.38984558861517,-91.57148534645644,16082841400033974103867425296696272370,0.7421
rc_-11_-3,True,-148.38984558861517,-91.47148534645643,93724909487850460505127937953679648290,0.7421
rc_-11_1,True,-148.38984558861517,-91.07148534645643,147804820631928571297530281672213631439,0.7416
rc_-11_0,True,-148.38984558861517,-91.17148534645644,282748021002702299069795127971112993172,0.7418
rc_-12_8,True,-148.4898455886152,-90.3714853464564,17571890805014572339805604331494238278,0.7477
rc_-11_13,True,-148.38984558861517,-89.87148534645645,286237308361374324392312187798749504437,0.7471
rc_-11_10,True,-148.38984558861517,-90.17148534645641,42275478268929282752183277295524796823,0.7474
rc_-10_-13,True,-148.28984558861526,-92.47148534645652,118570389655275281310012025189710213445,0.743
rc_-10_-2,True,-148.28984558861526,-91.37148534645652,205945457672182534031812800137383690808,0.7419
rc_-11_4,True,-148.38984558861517,-90.77148534645643,202936053832331503306901424308372793024,0.743
rc_-11_-1,True,-148.38984558861517,-91.27148534645639,336417406827485191010747827817539466496,0.7419
rc_-10_-1,True,-148.28984558861526,-91.27148534645646,22452057870090268970695432288539215415,0.7419
rc_-11_9,True,-148.38984558861517,-90.27148534645646,124077812158333540764704806032194538037,0.7476
rc_-11_14,True,-148.38984558861517,-89.7714853464564,287592504029355693161031466561387906887,0.7469
rc_-10_0,True,-148.28984558861526,-91.17148534645648,212414498449037309737547823482296154995,0.7417
rc_-11_3,True,-148.38984558861517,-90.8714853464564,326026817999220805191442453317810980680,0.7414
rc_-11_6,True,-148.38984558861517,-90.57148534645643,142258288369818942354469356625239819424,0.7463
rc_-11_7,True,-148.38984558861517,-90.47148534645649,8221837433105870936087011783270794850,0.7462
rc_-10_-14,True,-148.28984558861526,-92.57148534645644,201174705610527603627224672370835185188,0.7431
rc_-10_-12,True,-148.28984558861526,-92.37148534645648,45588845529170288412503200752382253900,0.7429
rc_-10_1,True,-148.28984558861526,-91.07148534645648,334164776527437399733227430428928834367,0.7415
rc_-11_5,True,-148.38984558861517,-90.67148534645641,63343832430175722158190870315686131218,0.7429
rc_-11_8,True,-148.38984558861517,-90.37148534645645,72383615295158781357949321482794719146,0.746
rc_-10_-15,True,-148.28984558861526,-92.67148534645644,307700624490233095741736327348741065531,0.7432
rc_-11_15,True,-148.38984558861517,-89.6714853464564,318042318083818541729933042004183931634,0.7468
rc_-11_12,True,-148.38984558861517,-89.97148534645649,222184126200551848984427492383974044029,0.7472
rc_-11_11,True,-148.38984558861517,-90.0714853464564,3533791163952943193665954620578600079,0.7474
rc_-10_-11,True,-148.28984558861526,-92.27148534645643,319557405795207674588056228825841728875,0.7427
rc_-10_3,True,-148.28984558861526,-90.87148534645647,147548729119453299088542166808336706285,0.7432
rc_-10_-8,True,-148.28984558861526,-91.97148534645645,227861672126553561109933080658155485611,0.7425
rc_-10_-10,True,-148.28984558861526,-92.17148534645648,251658450348501343112938278206896685596,0.7427
rc_-10_2,True,-148.28984558861526,-90.97148534645646,64116076202594351963570633397397435419,0.7415
rc_-10_-9,True,-148.28984558861526,-92.07148534645647,219654259944845683420319466800556923910,0.7426
rc_-10_-7,True,-148.28984558861526,-91.87148534645647,223772480535503947464163964173288508265,0.7424
rc_-10_-6,True,-148.28984558861526,-91.77148534645654,214462573704895584181158550940940389266,0.7423
rc_-10_-3,True,-148.28984558861526,-91.47148534645645,5790468622618011383273480531002551403,0.7421
rc_-10_4,True,-148.28984558861526,-90.77148534645653,161401875959767161120303331023489215859,0.743
rc_-10_5,True,-148.28984558861526,-90.67148534645648,144897242750727888103315858736661780301,0.7463
rc_-10_-4,True,-148.28984558861526,-91.57148534645651,201670718275071636528184666792737729774,0.7422
rc_-10_-5,True,-148.28984558861526,-91.67148534645648,122564075610846084839797555441560258237,0.7422
rc_-10_6,True,-148.28984558861526,-90.57148534645646,85684730677623994213092035802529831757,0.7462
rc_-10_8,True,-148.28984558861526,-90.37148534645652,47444445263099359478604351741535942168,0.7459
rc_-10_7,True,-148.28984558861526,-90.47148534645649,180111114553328792587695494488763486997,0.7461
rc_-10_11,True,-148.28984558861526,-90.07148534645647,305409791975833099427952311605047425855,0.7473
rc_-10_9,True,-148.28984558861526,-90.27148534645646,202883856402427763589587186594073860827,0.7459
rc_-9_-14,True,-148.18984558861524,-92.57148534645641,243097202972129442392127485636702944392,0.743
rc_-10_10,True,-148.28984558861526,-90.17148534645655,35298411929268179204578068259961599483,0.7475
rc_-10_12,True,-148.28984558861526,-89.97148534645649,314578819899240415857052630750504755783,0.7472
rc_-10_13,True,-148.28984558861526,-89.87148534645651,330447022213790093750467940065610398905,0.7471
rc_-10_14,True,-148.28984558861526,-89.77148534645642,265134278299019483398458818114986123169,0.7469
rc_-10_15,True,-148.28984558861526,-89.67148534645652,120727633060744024876497852408551301445,0.7468
rc_-9_-9,True,-148.18984558861524,-92.07148534645643,164946031183190136690489669814957105724,0.7426
rc_-9_-15,True,-148.18984558861524,-92.6714853464564,188840548522408505722082591550468005293,0.7449
rc_-9_-13,True,-148.18984558861524,-92.47148534645642,113841778658997284577754241230922999752,0.743
rc_-9_-12,True,-148.18984558861524,-92.3714853464564,103974256372827640733887128894264076033,0.7429
rc_-9_-1,True,-148.18984558861524,-91.27148534645634,294019094799080252943816946458415464183,0.7419
rc_-9_-10,True,-148.18984558861524,-92.17148534645642,81499760322832252474454576771206634931,0.7427
rc_-9_-11,True,-148.18984558861524,-92.27148534645647,131789096970270463015133901748773485698,0.7428
rc_-9_-6,True,-148.18984558861524,-91.77148534645643,285125441660270687482281716163167184686,0.7423
rc_-9_-7,True,-148.18984558861524,-91.87148534645641,278422217484631322204514954683249872788,0.7425
rc_-9_-8,True,-148.18984558861524,-91.97148534645642,106261119057157765392975612250782908002,0.7426
rc_-9_-5,True,-148.18984558861524,-91.67148534645638,182140532472511040869881676965510316434,0.7422
rc_-9_5,True,-148.18984558861524,-90.67148534645641,257961733940700148956108364467276325028,0.7463
rc_-9_-3,True,-148.18984558861524,-91.47148534645643,63580659674376663922649408901023133505,0.742
rc_-9_-4,True,-148.18984558861524,-91.57148534645643,175439552234345998728922139437600728888,0.7422
rc_-9_-2,True,-148.18984558861524,-91.37148534645638,204519117142175053365336385891886813037,0.7419
rc_-9_0,True,-148.18984558861524,-91.17148534645642,323851938129441888240760133474841350489,0.7418
rc_-9_3,True,-148.18984558861524,-90.8714853464564,35385221456457838949569152856373437643,0.7431
rc_-9_1,True,-148.18984558861524,-91.07148534645643,59506435564212189731640581754961137885,0.7433
rc_-9_2,True,-148.18984558861524,-90.9714853464564,309069569407226748992526210591365948973,0.7432
rc_-9_4,True,-148.18984558861524,-90.77148534645636,316286339419950487849720191696724923165,0.7464
rc_-9_6,True,-148.18984558861524,-90.57148534645643,252218748718800274061962161440736694068,0.7462
rc_-9_7,True,-148.18984558861524,-90.47148534645643,95079234236567927781046306573260692823,0.7461
rc_-9_9,True,-148.18984558861524,-90.27148534645642,6332070527687447171233455337582066403,0.7458
rc_-9_8,True,-148.18984558861524,-90.3714853464564,147466248046518632921111192991623716457,0.746
rc_-9_14,True,-148.18984558861524,-89.77148534645642,311319706591314425383183281707193892719,0.747
rc_-9_10,True,-148.18984558861524,-90.17148534645642,164592276002394047422814975069178359668,0.7458
rc_-9_11,True,-148.18984558861524,-90.07148534645636,313847223585749805860361712026539167934,0.7456
rc_-9_12,True,-148.18984558861524,-89.97148534645645,72974402730945880805283411818691042457,0.7471
rc_-9_13,True,-148.18984558861524,-89.87148534645644,209467467220250504254323115148690544712,0.7471
rc_-8_-11,True,-148.08984558861525,-92.27148534645636,85659572048432938570375676453306204647,0.7445
rc_-8_-13,True,-148.08984558861525,-92.47148534645642,101220006225629101380013525413525367855,0.7446
rc_-9_15,True,-148.18984558861524,-89.67148534645645,322751591007689331003984901889556145639,0.7468
rc_-8_-15,True,-148.08984558861525,-92.67148534645638,6354146083954929151580147798418623766,0.7448
rc_-8_-14,True,-148.08984558861525,-92.57148534645633,264735232045472714251171661333303402413,0.7448
rc_-8_-10,True,-148.08984558861525,-92.17148534645638,10669718165439005943988518005815165200,0.7428
rc_-8_-12,True,-148.08984558861525,-92.37148534645641,129148561447270496514803290773209515936,0.7446
rc_-8_-9,True,-148.08984558861525,-92.07148534645643,150128329115626841283081030106495722236,0.7426
rc_-8_-5,True,-148.08984558861525,-91.67148534645636,276259431185871889869084525937807114698,0.7422
rc_-8_-6,True,-148.08984558861525,-91.77148534645642,9708586254963958322345691748711962661,0.7423
rc_-8_-8,True,-148.08984558861525,-91.9714853464564,239116793770685595070167646618258284178,0.7425
rc_-8_-2,True,-148.08984558861525,-91.37148534645634,182664671914535837675937079025742669522,0.7419
rc_-8_-7,True,-148.08984558861525,-91.87148534645635,23920504874783444519924083401719169749,0.7424
rc_-8_-3,True,-148.08984558861525,-91.47148534645638,234403103642949919196310789923787593691,0.7421
rc_-8_-4,True,-148.08984558861525,-91.57148534645636,230276365542260247122007925775208115139,0.7421
rc_-8_4,True,-148.08984558861525,-90.77148534645636,144895339861755429578671123362778597501,0.7464
rc_-8_-1,True,-148.08984558861525,-91.27148534645636,259359933167433333456351842038136454035,0.7435
rc_-8_7,True,-148.08984558861525,-90.47148534645645,274286262531214242424275346218101996967,0.7461
rc_-8_1,True,-148.08984558861525,-91.07148534645631,31426738141328495103186502531849798960,0.7433
rc_-8_3,True,-148.08984558861525,-90.87148534645641,159179398713379266654621670589019420579,0.7431
rc_-8_0,True,-148.08984558861525,-91.17148534645636,268777643808574945011490203929332421518,0.7435
rc_-8_2,True,-148.08984558861525,-90.97148534645638,248320812169573359419900219605754702626,0.7431
rc_-8_5,True,-148.08984558861525,-90.6714853464564,254656253589122967852949599151789278427,0.7463
rc_-8_6,True,-148.08984558861525,-90.57148534645636,214982809955897654705776811619296425771,0.7462
rc_-8_9,True,-148.08984558861525,-90.27148534645639,267864262520622073158904934350412401345,0.7458
rc_-8_8,True,-148.08984558861525,-90.37148534645632,113942180359341332545048099394494216431,0.7459
rc_-8_10,True,-148.08984558861525,-90.1714853464563,128037009402081745028890229533612691189,0.7457
rc_-8_12,True,-148.08984558861525,-89.97148534645642,55001652814605238338757854255632271413,0.7455
rc_-8_11,True,-148.08984558861525,-90.0714853464564,237969850597430670763936418958386648375,0.7456
rc_-8_13,True,-148.08984558861525,-89.87148534645638,216274572477833080449980701768063964705,0.7471
rc_-8_15,True,-148.08984558861525,-89.67148534645634,318064826192270412517687191185007807224,0.7467
rc_-8_14,True,-148.08984558861525,-89.77148534645639,207796548729980143631389547971594708122,0.7469
rc_-7_-15,True,-147.98984558861517,-92.6714853464564,95351248570811857810913218934671405974,0.7449
rc_-7_-13,True,-147.98984558861517,-92.47148534645646,6642377844068875389205346373610471430,0.7447
rc_-7_-10,True,-147.98984558861517,-92.1714853464564,55442991050547969082750666229940028292,0.7444
rc_-7_-12,True,-147.98984558861517,-92.37148534645637,165907669749730642238497178521686825163,0.7445
rc_-7_-11,True,-147.98984558861517,-92.27148534645643,196967961590710124276194421448275850155,0.7445
rc_-7_-9,True,-147.98984558861517,-92.07148534645638,321487476163234902585794666903269202019,0.7443
rc_-7_-4,True,-147.98984558861517,-91.57148534645638,255700642218049565136642762661973896277,0.7438
rc_-7_-7,True,-147.98984558861517,-91.8714853464564,15669310554038561620294319815436657291,0.7424
rc_-7_-6,True,-147.98984558861517,-91.77148534645636,110770647776412577467517153648104030530,0.7423
rc_-7_-5,True,-147.98984558861517,-91.67148534645645,173137727470930964226703121797606420984,0.7439
rc_-7_-3,True,-147.98984558861517,-91.4714853464564,41703902312941794685638092540922963698,0.7437
rc_-7_6,True,-147.98984558861517,-90.57148534645637,208620108858584927755643480287026139877,0.7461
rc_-7_4,True,-147.98984558861517,-90.77148534645639,171745278568982842638250468059916565554,0.7465
rc_-7_-1,True,-147.98984558861517,-91.27148534645639,203855054200778855337638330584357265614,0.7434
rc_-7_5,True,-147.98984558861517,-90.67148534645641,11083924632851975579873638879362640099,0.7463
rc_-7_1,True,-147.98984558861517,-91.07148534645638,86980728026287116066040657662622482995,0.7432
rc_-7_0,True,-147.98984558861517,-91.17148534645641,272243900526939608541172604632559064480,0.7434
rc_-7_3,True,-147.98984558861517,-90.87148534645645,6089764333302963353359835946305590488,0.743
rc_-7_8,True,-147.98984558861517,-90.3714853464564,311698966730728860652752407287499251290,0.746
rc_-7_11,True,-147.98984558861517,-90.07148534645636,163358730396410820194645810142933877079,0.7456
rc_-7_9,True,-147.98984558861517,-90.27148534645636,76691515470405846730415222868521341586,0.7458
rc_-6_-15,True,-147.88984558861515,-92.67148534645634,49115158095659365031209743980209749539,0.7448
rc_-7_12,True,-147.98984558861517,-89.97148534645642,66977016051410511670774306492585246315,0.7454
rc_-7_13,True,-147.98984558861517,-89.87148534645645,120232425025645628932173786401398705757,0.7453
rc_-6_-14,True,-147.88984558861515,-92.57148534645634,229972123117799953578590496254987986204,0.7446
rc_-7_14,True,-147.98984558861517,-89.77148534645644,30059355022416563032348162366362452841,0.7469
rc_-6_-13,True,-147.88984558861515,-92.47148534645635,65678589722201518274044608732939442549,0.7446
rc_-6_-11,True,-147.88984558861515,-92.27148534645629,85021474432989544233583527883238381682,0.7444
rc_-6_-5,True,-147.88984558861515,-91.67148534645632,206513659231730704103972424011997942743,0.7456
rc_-6_-10,True,-147.88984558861515,-92.17148534645635,231926294539777350855927300321564122445,0.7443
rc_-6_-9,True,-147.88984558861515,-92.07148534645638,172178614097003040954354475609947657946,0.7443
rc_-6_-3,True,-147.88984558861515,-91.4714853464563,222669411529824801723069917558391185470,0.7436
rc_-7_-14,True,-147.98984558861517,-92.5714853464564,267514900810055824565278102916624076113,0.7447
rc_-7_-8,True,-147.98984558861517,-91.97148534645639,76938735604341536353230075330610009412,0.7441
rc_-7_-2,True,-147.98984558861517,-91.37148534645638,109435163941497136579715411058897093489,0.7436
rc_-7_2,True,-147.98984558861517,-90.9714853464564,15081529062939789439297387935237613035,0.7432
rc_-7_10,True,-147.98984558861517,-90.17148534645641,118665793345103374196987073217412997253,0.7458
rc_-7_7,True,-147.98984558861517,-90.47148534645642,47361189732393039061112310792142690834,0.746
rc_-6_-8,True,-147.88984558861515,-91.97148534645635,177435655388958625018440614199287059821,0.7442
rc_-6_14,True,-147.88984558861515,-89.77148534645639,92452499394500146016619686476943298476,0.7422
rc_-5_-14,True,-147.78984558861526,-92.57148534645634,76917873005485610139706392714857704870,0.7446
rc_-6_15,True,-147.88984558861515,-89.67148534645636,197634338855466708581007694548505281797,0.7421
rc_-5_-15,True,-147.78984558861526,-92.67148534645632,74611468441844566114306380440870141363,0.7447
rc_-7_15,True,-147.98984558861517,-89.67148534645632,191517777387815191029381765875385597437,0.7422
rc_-6_-4,True,-147.88984558861515,-91.57148534645636,17762694445816827591916207677460975382,0.7454
rc_-6_-12,True,-147.88984558861515,-92.37148534645632,135139793610855376245517489791308277399,0.7445
rc_-5_-13,True,-147.78984558861526,-92.47148534645635,22719172833500350689348134691281031201,0.7446
rc_-6_-6,True,-147.88984558861515,-91.77148534645633,191754863200041842992090744165341210451,0.7457
rc_-6_-7,True,-147.88984558861515,-91.87148534645632,217784691663861512430879674975138105190,0.7458
rc_-6_6,True,-147.88984558861515,-90.57148534645631,262097441160157483169480454736168391439,0.7461
rc_-6_-1,True,-147.88984558861515,-91.27148534645634,250008991268384832943977083271310679556,0.7435
rc_-6_-2,True,-147.88984558861515,-91.37148534645638,277369499194175324214604653808924306841,0.7436
rc_-6_4,True,-147.88984558861515,-90.77148534645632,260684108150845216891084547783273874449,0.7463
rc_-5_-11,True,-147.78984558861526,-92.27148534645636,255644730137786919359794495618281116096,0.7444
rc_-5_-12,True,-147.78984558861526,-92.37148534645632,16593360460408668571566341375522990668,0.7445
rc_-6_1,True,-147.88984558861515,-91.07148534645631,41188882081092773222058716941036440302,0.7433
rc_-6_2,True,-147.88984558861515,-90.97148534645633,130519243117059486670475218215885318049,0.7431
rc_-6_0,True,-147.88984558861515,-91.17148534645635,180546335831462943616071380232184062629,0.7433
rc_-6_3,True,-147.88984558861515,-90.87148534645634,201400023056362282113309738793362939664,0.7464
rc_-6_11,True,-147.88984558861515,-90.0714853464563,124430824866729279464161747219791721575,0.7455
rc_-6_7,True,-147.88984558861515,-90.47148534645633,93796812497756457254548619940138858802,0.7461
rc_-6_10,True,-147.88984558861515,-90.17148534645636,315524286524073783701754029751406834247,0.7457
rc_-5_-10,True,-147.78984558861526,-92.17148534645636,47059186477101120948867804978952490333,0.7443
rc_-5_-9,True,-147.78984558861526,-92.07148534645633,26519800334947518401410321732226908921,0.7443
rc_-6_9,True,-147.88984558861515,-90.27148534645633,260609542035379516075110877150850548674,0.7457
rc_-5_-7,True,-147.78984558861526,-91.87148534645635,161389074648756180870677355712965701277,0.7457
rc_-5_-6,True,-147.78984558861526,-91.77148534645637,233179810133563182517987600783021315747,0.7457
rc_-6_5,True,-147.88984558861515,-90.67148534645636,135344959533441730861103664733308193280,0.7462
rc_-6_8,True,-147.88984558861515,-90.3714853464563,28849316551503232381786053236038165143,0.7459
rc_-5_-8,True,-147.78984558861526,-91.97148534645642,293433824433609475565706995083708089868,0.7459
rc_-5_-5,True,-147.78984558861526,-91.67148534645642,147734216840930007823616355470945070511,0.7455
rc_-5_-4,True,-147.78984558861526,-91.57148534645636,112008837116252252774801564696804933245,0.7454
rc_-6_12,True,-147.88984558861515,-89.97148534645635,8666286136059354496523826996390276595,0.7454
rc_-6_13,True,-147.88984558861515,-89.87148534645632,77367176693518444132216777777485279400,0.7453
rc_-5_-1,True,-147.78984558861526,-91.27148534645639,188626952138878700624303209821693383447,0.7451
rc_-5_1,True,-147.78984558861526,-91.07148534645631,156290197379839733811307573281621070758,0.7432
rc_-5_0,True,-147.78984558861526,-91.17148534645635,96022615031717359670811902059631319050,0.745
rc_-5_-3,True,-147.78984558861526,-91.47148534645632,154249844994862460381392599126103118701,0.7453
rc_-5_-2,True,-147.78984558861526,-91.37148534645632,183927352399408279195011657758544530115,0.7452
rc_-5_6,True,-147.78984558861526,-90.57148534645631,71147508634294352865900515002474332962,0.7461
rc_-5_3,True,-147.78984558861526,-90.8714853464564,104044626801080312534718827991509868897,0.7464
rc_-5_2,True,-147.78984558861526,-90.9714853464563,66304528662091624946646724349812308624,0.7465
rc_-5_4,True,-147.78984558861526,-90.77148534645634,28286569983923901217538682914945023057,0.7464
rc_-5_9,True,-147.78984558861526,-90.27148534645633,38548454596775677199496605534327128123,0.7457
rc_-5_7,True,-147.78984558861526,-90.47148534645639,95747603685225695145587168516812102991,0.746
rc_-5_11,True,-147.78984558861526,-90.0714853464564,163832767802607692988515510678822183898,0.7455
rc_-5_5,True,-147.78984558861526,-90.67148534645634,265960007409140940890292768277968166235,0.7462
rc_-5_12,True,-147.78984558861526,-89.97148534645636,49417671872169922601034897630050048703,0.7454
rc_-5_10,True,-147.78984558861526,-90.17148534645636,232593681963927936266407101774138224762,0.7456
rc_-5_8,True,-147.78984558861526,-90.37148534645637,143476638671830323324763627369961763513,0.7459
rc_-5_13,True,-147.78984558861526,-89.87148534645634,330971037908164014630144618466945781389,0.7406
rc_-5_14,True,-147.78984558861526,-89.7714853464563,120985217977455202309067072045300864085,0.7405
rc_-4_-15,True,-147.6898455886151,-92.67148534645645,332200490236995406403633866584816055962,0.7448
rc_-5_15,True,-147.78984558861526,-89.67148534645635,151812355601125375129356193566898236360,0.7405
rc_-4_-14,True,-147.6898455886151,-92.57148534645637,131553738621964689572750696658072500338,0.7446
rc_-4_-11,True,-147.6898455886151,-92.27148534645649,107715832860775708336482005747094362275,0.7443
rc_-4_-13,True,-147.6898455886151,-92.47148534645648,79338845169863980809168589689417646552,0.7445
rc_-4_-12,True,-147.6898455886151,-92.3714853464564,245808736429189943728555652255901688033,0.7445
rc_-4_-10,True,-147.6898455886151,-92.17148534645642,162786882235518577172503624045878372844,0.7459
rc_-4_-9,True,-147.6898455886151,-92.07148534645646,2487480289902123683013369757236438877,0.7459
rc_-4_-8,True,-147.6898455886151,-91.97148534645645,171102391041679591018821978970391325012,0.7458
rc_-4_-7,True,-147.6898455886151,-91.87148534645641,247908949529812123349604395613692099284,0.7457
rc_-4_-6,True,-147.6898455886151,-91.77148534645643,99350086489113203713620448569089247067,0.7456
rc_-4_-3,True,-147.6898455886151,-91.47148534645645,220747665912378767936259378748014456905,0.7452
rc_-4_-5,True,-147.6898455886151,-91.67148534645649,97762095125763518114137364810612458003,0.7455
rc_-4_-4,True,-147.6898455886151,-91.5714853464565,145466159031048842817348348407386927853,0.7454
rc_-4_-2,True,-147.6898455886151,-91.37148534645647,257691916702248776823699684486911320018,0.7452
rc_-4_7,True,-147.6898455886151,-90.47148534645643,163969400392725822514852916060966741872,0.7459
rc_-4_5,True,-147.6898455886151,-90.67148534645646,221135942953662347925076988481635197368,0.7478
rc_-4_0,True,-147.6898455886151,-91.17148534645644,266451987287473417849248072896968909030,0.745
rc_-4_11,True,-147.6898455886151,-90.07148534645643,24392829590433951665006658986555679940,0.7455
rc_-4_-1,True,-147.6898455886151,-91.27148534645647,58786933027814088159295770030434358006,0.745
rc_-4_2,True,-147.6898455886151,-90.97148534645646,154915645405039498846354031174476840589,0.7482
rc_-4_4,True,-147.6898455886151,-90.77148534645646,267225263172108295612416936803025878212,0.748
rc_-4_1,True,-147.6898455886151,-91.07148534645644,207791841165173998146171766656196137453,0.7449
rc_-4_6,True,-147.6898455886151,-90.57148534645644,20596358863941958394551124496941319380,0.746
rc_-4_3,True,-147.6898455886151,-90.87148534645644,150552606577691226290127832355201431875,0.7481
rc_-4_8,True,-147.6898455886151,-90.37148534645644,99751944605931310298728600871783724811,0.7459
rc_-4_10,True,-147.6898455886151,-90.17148534645642,48185188936982322218786813958525823298,0.7456
rc_-4_9,True,-147.6898455886151,-90.27148534645647,156033639167668890957512316844839834252,0.7457
rc_-4_13,True,-147.6898455886151,-89.87148534645642,214276424743642760038466788341682793943,0.7406
rc_-4_14,True,-147.6898455886151,-89.77148534645642,160642743239663535924309418714079920175,0.7404
rc_-4_12,True,-147.6898455886151,-89.9714853464565,157892281692273238554613602357858120715,0.7407
rc_-4_15,True,-147.6898455886151,-89.67148534645645,168799251636569101200685313058432870192,0.7404
rc_-3_-12,True,-147.5898455886152,-92.37148534645632,310808290944729391841750393563975209076,0.7461
rc_-3_-13,True,-147.5898455886152,-92.47148534645629,870643126060476429252285478058947880,0.7445
rc_-3_-15,True,-147.5898455886152,-92.67148534645634,74837854244708949319003386155877301053,0.7447
rc_-3_-14,True,-147.5898455886152,-92.57148534645638,160875373815974535376199994917884186395,0.7446
rc_-3_-7,True,-147.5898455886152,-91.87148534645635,234946749768472390963698384545678262634,0.7457
rc_-3_-9,True,-147.5898455886152,-92.07148534645638,261255880149756946360848991069359056150,0.7458
rc_-3_-11,True,-147.5898455886152,-92.27148534645637,63908717821743140528356224135530670206,0.746
rc_-3_-10,True,-147.5898455886152,-92.17148534645635,167611430510809525985074585304560968837,0.746
rc_-3_-8,True,-147.5898455886152,-91.97148534645633,47576819255355972071603445088497554839,0.7458
rc_-3_6,True,-147.5898455886152,-90.57148534645636,173026509323555832482124231774811750886,0.7477
rc_-3_1,True,-147.5898455886152,-91.07148534645631,265448625506732481143433682757344572013,0.7448
rc_-3_-5,True,-147.5898455886152,-91.67148534645631,239400022628360407095041072739718294720,0.7454
rc_-3_-4,True,-147.5898455886152,-91.57148534645631,123149896773794089999413908137006863662,0.7453
rc_-3_-6,True,-147.5898455886152,-91.7714853464563,205763787783671580887516370436629526700,0.7455
rc_-3_3,True,-147.5898455886152,-90.87148534645634,63510630639365511490507698054158967835,0.748
rc_-3_0,True,-147.5898455886152,-91.17148534645635,323397056522341940522935556265347272778,0.7449
rc_-3_2,True,-147.5898455886152,-90.97148534645633,189593174058699645486606985381776098022,0.7481
rc_-3_-3,True,-147.5898455886152,-91.47148534645635,101144306278309790222195091557454064245,0.7453
rc_-3_-2,True,-147.5898455886152,-91.37148534645635,132789471838217890549963592834823859861,0.7452
rc_-3_5,True,-147.5898455886152,-90.67148534645636,168350478098198223702621252983319433796,0.7479
rc_-3_4,True,-147.5898455886152,-90.77148534645632,14754889298955935985012205791399698999,0.748
rc_-3_8,True,-147.5898455886152,-90.37148534645631,200083180127536828575940164509641305853,0.7475
rc_-3_9,True,-147.5898455886152,-90.27148534645636,328737610155102834147501317116811951750,0.7473
rc_-3_13,True,-147.5898455886152,-89.87148534645637,288259642495324499286325411322723051208,0.7406
rc_-3_10,True,-147.5898455886152,-90.17148534645634,172952426091413950605959067514536724598,0.7472
rc_-3_14,True,-147.5898455886152,-89.7714853464564,125440757462741063350081778908258683342,0.7421
rc_-2_-14,True,-147.4898455886152,-92.57148534645637,77000573003709930797461806081387176020,0.7464
rc_-2_-15,True,-147.4898455886152,-92.67148534645634,279186579910566642662052900457326274683,0.7447
rc_-3_15,True,-147.5898455886152,-89.67148534645635,39901071484172279094717189093406309300,0.736
rc_-2_-9,True,-147.4898455886152,-92.07148534645634,120291586044511981300529771795546862188,0.7458
rc_-2_-7,True,-147.4898455886152,-91.8714853464564,61495560606306717604073484955531979978,0.7456
rc_-2_-13,True,-147.4898455886152,-92.47148534645638,3701565927084486936535287159542469074,0.7462
rc_-2_-11,True,-147.4898455886152,-92.2714853464564,7166590090952275339910009256562093627,0.7461
rc_-2_-12,True,-147.4898455886152,-92.37148534645634,314988760404581100632141683849906785637,0.7461
rc_-2_-4,True,-147.4898455886152,-91.57148534645636,171470699519560081592995871216890503229,0.7454
rc_-2_-2,True,-147.4898455886152,-91.3714853464564,288970990138930580847655177417228787085,0.7451
rc_-2_-6,True,-147.4898455886152,-91.77148534645643,92228584207524521224085857682426692186,0.7456
rc_-2_-5,True,-147.4898455886152,-91.67148534645635,166075212364157194036310985501656659236,0.7455
rc_-2_-3,True,-147.4898455886152,-91.47148534645632,324211359300837883979854298196775244167,0.7452
rc_-2_0,True,-147.4898455886152,-91.17148534645638,310279907008163556714362370370037120023,0.7449
rc_-2_-1,True,-147.4898455886152,-91.27148534645634,156709378959274365408879445174515799097,0.745
rc_-2_1,True,-147.4898455886152,-91.07148534645631,253107041213893945578520015019485084648,0.7482
rc_-2_4,True,-147.4898455886152,-90.77148534645639,191924993805958461308821714566421387647,0.7479
rc_-2_3,True,-147.4898455886152,-90.87148534645645,303154494321628134674618313908747208832,0.748
rc_-2_10,True,-147.4898455886152,-90.17148534645646,71819275180293444303108822597988936831,0.7443
rc_-2_9,True,-147.4898455886152,-90.27148534645644,50127907327960529711079173337227531680,0.7491
rc_-2_14,True,-147.4898455886152,-89.77148534645633,235979276655094325206044312310767559401,0.7438
rc_-2_15,True,-147.4898455886152,-89.6714853464564,118017611963804794406252795363017519538,0.736
rc_-3_-1,True,-147.5898455886152,-91.2714853464564,48238491406053297173931240146317981137,0.745
rc_-3_11,True,-147.5898455886152,-90.07148534645631,339653137843882690515508615587762538072,0.7408
rc_-3_12,True,-147.5898455886152,-89.97148534645636,11578784178380222497794762497331372762,0.7407
rc_-3_7,True,-147.5898455886152,-90.4714853464563,121923478946876409987855802947528528174,0.7476
rc_-2_-10,True,-147.4898455886152,-92.17148534645638,119057529888583778202175763542067603856,0.7459
rc_-2_5,True,-147.4898455886152,-90.67148534645636,298354437649596982953910730081597121264,0.7478
rc_-2_-8,True,-147.4898455886152,-91.97148534645635,25402128053469122553764954522029774460,0.7457
rc_-2_11,True,-147.4898455886152,-90.07148534645637,201231897202146544689911027079219075056,0.7441
rc_-1_-1,True,-147.38984558861517,-91.2714853464564,238944674412614920265712224437040687113,0.7449
rc_-2_2,True,-147.4898455886152,-90.97148534645629,135026160352474962574493247631824033394,0.7482
rc_-1_0,True,-147.38984558861517,-91.17148534645636,197178182183099001454805942185686722039,0.7448
rc_-2_8,True,-147.4898455886152,-90.37148534645637,144504892876641621489284136617664050685,0.7491
rc_-1_1,True,-147.38984558861517,-91.07148534645637,119895785540500955048102385782829561565,0.7481
rc_-1_2,True,-147.38984558861517,-90.97148534645638,221743076512044215092595383076091204362,0.7481
rc_-2_6,True,-147.4898455886152,-90.57148534645637,73963896430008625183104574488615908991,0.7477
rc_-1_4,True,-147.38984558861517,-90.77148534645632,140954586144159318982222030226966690535,0.7494
rc_-2_12,True,-147.4898455886152,-89.97148534645636,208385630869351797502567635038602968980,0.7441
rc_-2_13,True,-147.4898455886152,-89.8714853464564,318913262007149443487228331669724364378,0.7439
rc_-2_7,True,-147.4898455886152,-90.47148534645633,176830254044029783484780888252115939083,0.7492
rc_-1_-8,True,-147.38984558861517,-91.97148534645638,196497954517637768618429930871485306232,0.7457
rc_-1_3,True,-147.38984558861517,-90.87148534645634,194224133290748721842446985250162398793,0.7479
rc_-1_-14,True,-147.38984558861517,-92.57148534645644,17550396802405368837198233134103994211,0.7463
rc_-1_6,True,-147.38984558861517,-90.57148534645634,109860724626437138130402457582600525706,0.7493
rc_-1_-13,True,-147.38984558861517,-92.47148534645632,233677314080257013626981171256609736316,0.7462
rc_-1_5,True,-147.38984558861517,-90.67148534645634,117516221707164549510058861659846159506,0.7494
rc_-1_-15,True,-147.38984558861517,-92.67148534645638,116878410677615750897806205800959214688,0.7367
rc_-1_-11,True,-147.38984558861517,-92.27148534645637,25195648357389963287298975598092445726,0.746
rc_-1_7,True,-147.38984558861517,-90.4714853464563,316519796477520659023122226377967728840,0.7492
rc_-1_-12,True,-147.38984558861517,-92.3714853464564,236685021190244784656400401504352194572,0.746
rc_-1_-5,True,-147.38984558861517,-91.67148534645638,27944953747620569969965152428682570264,0.7454
rc_-1_-4,True,-147.38984558861517,-91.5714853464564,71152082675160339335273491948896123907,0.7452
rc_-1_10,True,-147.38984558861517,-90.17148534645635,204548069273520586873239797238929279442,0.7441
rc_-1_9,True,-147.38984558861517,-90.27148534645634,246228920112358698722404598310455325384,0.7443
rc_-1_8,True,-147.38984558861517,-90.37148534645632,315671525770075520757093544825200550134,0.749
rc_-1_-9,True,-147.38984558861517,-92.07148534645631,222094878070866682080322901532608015157,0.7458
rc_-1_-10,True,-147.38984558861517,-92.17148534645635,217448676906932587052063527296360727201,0.7458
rc_-1_11,True,-147.38984558861517,-90.07148534645631,262908213946839535226750443919951786977,0.744
rc_-1_14,True,-147.38984558861517,-89.77148534645634,337952395052890756506194337762929026392,0.7437
rc_-1_-6,True,-147.38984558861517,-91.77148534645634,125221790703907071366016065952640840848,0.7455
rc_-1_-7,True,-147.38984558861517,-91.87148534645638,290774616796442670966976007864277020608,0.7456
rc_-1_12,True,-147.38984558861517,-89.97148534645636,284027470533731629344744793464376088331,0.7439
rc_-1_13,True,-147.38984558861517,-89.87148534645634,141129594878252775470916154341735047446,0.7438
rc_0_-15,True,-147.28984558861518,-92.6714853464564,110157791760548090043089951461545733873,0.7366
rc_-1_15,True,-147.38984558861517,-89.67148534645636,196592037069133660403906720153403719929,0.7376
rc_-1_-3,True,-147.38984558861517,-91.47148534645635,208835453383125393630880214960218125584,0.7451
rc_0_-14,True,-147.28984558861518,-92.57148534645646,186142889691209689845135106932619061140,0.7462
rc_0_-13,True,-147.28984558861518,-92.47148534645642,138821601838706354802945779364854913798,0.746
rc_0_-12,True,-147.28984558861518,-92.37148534645645,299148032658886398703066680398449056138,0.746
rc_-1_-2,True,-147.38984558861517,-91.37148534645634,173346043782470735024993113557366689882,0.7451
rc_0_-11,True,-147.28984558861518,-92.2714853464564,264765335819660006910852268431420240807,0.746
rc_0_-10,True,-147.28984558861518,-92.17148534645642,193659693375593885636729496614917798318,0.7458
rc_0_-9,True,-147.28984558861518,-92.07148534645643,235803668911392361428090819296509155408,0.7457
rc_0_-4,True,-147.28984558861518,-91.57148534645648,21580398198386573985886612395529618104,0.7451
rc_0_-7,True,-147.28984558861518,-91.87148534645645,301503230046840304922681316675087376744,0.7455
rc_0_-8,True,-147.28984558861518,-91.97148534645639,1021133045870429450652609421457067339,0.7456
rc_0_1,True,-147.28984558861518,-91.0714853464565,225305326446732555144826600785699809550,0.7497
rc_0_-6,True,-147.28984558861518,-91.7714853464564,131072597495329221929459792776697565508,0.7454
rc_0_-5,True,-147.28984558861518,-91.67148534645644,168520373108486515822694618892221538780,0.7453
rc_0_-3,True,-147.28984558861518,-91.47148534645646,232793113264880974875093235887545871666,0.7451
rc_0_8,True,-147.28984558861518,-90.37148534645644,82688209308000061770375284719978081015,0.7442
rc_0_0,True,-147.28984558861518,-91.17148534645644,43265233244062448507046916973886134683,0.7499
rc_0_-1,True,-147.28984558861518,-91.27148534645642,315965940935407303007170190259034652006,0.7466
rc_0_-2,True,-147.28984558861518,-91.37148534645645,194859026600247280200150588568526199254,0.7467
rc_0_5,True,-147.28984558861518,-90.67148534645642,65907271115918953550079376362366133578,0.7493
rc_0_4,True,-147.28984558861518,-90.77148534645643,80550749698061440026078688660095625066,0.7494
rc_0_3,True,-147.28984558861518,-90.87148534645647,116662816471267700374709290340612912110,0.7495
rc_0_6,True,-147.28984558861518,-90.57148534645641,113197811030664893162449888561259469693,0.7492
rc_0_2,True,-147.28984558861518,-90.97148534645646,32021789232389986653218804434118668636,0.7496
rc_0_11,True,-147.28984558861518,-90.07148534645641,222400626079361793577039914536386106646,0.744
rc_0_10,True,-147.28984558861518,-90.17148534645642,111335959441118278413018654317470318281,0.7441
rc_0_15,True,-147.28984558861518,-89.67148534645641,207169772177394526106325797975757943996,0.7375
rc_0_9,True,-147.28984558861518,-90.27148534645642,333039590115587292398935593306566944720,0.7441
rc_0_7,True,-147.28984558861518,-90.47148534645643,148374144079713693708778322386390238140,0.7444
rc_0_12,True,-147.28984558861518,-89.97148534645642,69978193866945899691454220060494523509,0.7438
rc_0_13,True,-147.28984558861518,-89.87148534645642,162675255246939795646942093095104468361,0.7437
rc_0_14,True,-147.28984558861518,-89.77148534645637,303103421595499269335844037005503047584,0.7376
rc_1_-15,True,-147.18984558861524,-92.67148534645642,132278767240616190757237705739480698007,0.7367
rc_1_-13,True,-147.18984558861524,-92.47148534645642,290076392657438430494461653755990120372,0.7461
rc_1_-14,True,-147.18984558861524,-92.57148534645647,308322138895933692604648825152241187197,0.7366
rc_1_-10,True,-147.18984558861524,-92.17148534645642,175582033759025860308074631546146646773,0.7457
rc_1_-8,True,-147.18984558861524,-91.97148534645642,301719007913144709189458273033550193988,0.7472
rc_1_-12,True,-147.18984558861524,-92.3714853464564,256531390848432741525891834164102807493,0.746
rc_1_-11,True,-147.18984558861524,-92.27148534645643,196378930211651855945088282930390547626,0.7459
rc_1_-9,True,-147.18984558861524,-92.07148534645634,330157026401593376543436752347698811901,0.7456
rc_1_-6,True,-147.18984558861524,-91.77148534645642,180076118186146537514317033121206065948,0.7471
rc_1_-2,True,-147.18984558861524,-91.3714853464564,17155137503919960394143873493822308922,0.7465
rc_1_-7,True,-147.18984558861524,-91.87148534645648,293800636386294866341175849027091440353,0.7471
rc_1_-3,True,-147.18984558861524,-91.47148534645638,98467150018034136042240256746739352256,0.7467
rc_1_-4,True,-147.18984558861524,-91.57148534645638,46412951455793230706063673705699618604,0.7469
rc_1_1,True,-147.18984558861524,-91.07148534645646,321080797112441009962014820781607403115,0.7497
rc_1_-1,True,-147.18984558861524,-91.27148534645647,62005935242597547051922057557823602682,0.7465
rc_1_8,True,-147.18984558861524,-90.3714853464564,2094167708116531444688594722514147067,0.7443
rc_1_-5,True,-147.18984558861524,-91.67148534645641,145853691651726605035287045661830822362,0.7469
rc_1_0,True,-147.18984558861524,-91.17148534645642,259073836772933184504094856708050561210,0.7498
rc_1_4,True,-147.18984558861524,-90.77148534645633,192369281363525517156601511768762713316,0.7493
rc_1_6,True,-147.18984558861524,-90.57148534645637,199115421623368513992684639656227251743,0.7445
rc_1_2,True,-147.18984558861524,-90.9714853464564,102982831348566711109489590241685454712,0.7495
rc_1_3,True,-147.18984558861524,-90.87148534645635,188335642259863991128959189727283532959,0.7495
rc_1_11,True,-147.18984558861524,-90.07148534645641,320012844368596651630032230728055214137,0.7439
rc_1_7,True,-147.18984558861524,-90.47148534645645,47845573180841996967064292383262349060,0.7444
rc_1_5,True,-147.18984558861524,-90.67148534645641,204262010918818713341147281046089294079,0.7491
rc_1_9,True,-147.18984558861524,-90.27148534645636,195677047290490595631634536502199064808,0.7441
rc_1_12,True,-147.18984558861524,-89.97148534645645,137386970440088152536074987619757222393,0.7438
rc_1_13,True,-147.18984558861524,-89.87148534645637,283855457362171237768896666747106959087,0.7437
rc_1_10,True,-147.18984558861524,-90.17148534645642,173612523680019212175711183045225028125,0.744
rc_1_15,True,-147.18984558861524,-89.67148534645641,189436180728832876678387720554613147551,0.7375
rc_2_-14,True,-147.08984558861522,-92.5714853464564,282233015582553795143770337944948060942,0.7382
rc_1_14,True,-147.18984558861524,-89.77148534645639,256638073955478705118224024162262135497,0.7376
rc_2_-15,True,-147.08984558861522,-92.67148534645649,29121271094082699508982934104682108751,0.7366
rc_2_-11,True,-147.08984558861522,-92.27148534645643,265619356761087325016470391491389202017,0.7475
rc_2_-13,True,-147.08984558861522,-92.47148534645649,336204922681153846686596740184665928431,0.7477
rc_2_-12,True,-147.08984558861522,-92.37148534645648,38090558080421933843712094357153389124,0.7475
rc_2_-8,True,-147.08984558861522,-91.97148534645642,235792749716349165826064167792941705155,0.7471
rc_2_-9,True,-147.08984558861522,-92.07148534645644,130782222928306683250198648967221744419,0.7473
rc_2_-3,True,-147.08984558861522,-91.47148534645652,68121030253040866964536324087458029207,0.7466
rc_2_-4,True,-147.08984558861522,-91.57148534645644,136183693528962674689930486222499123364,0.7467
rc_2_-2,True,-147.08984558861522,-91.37148534645647,292084053212397133522479880588618751716,0.7465
rc_2_4,True,-147.08984558861522,-90.77148534645643,115707116805749924031259675306912458580,0.7492
rc_2_1,True,-147.08984558861522,-91.07148534645644,97458637757363410349005088872995805112,0.7496
rc_2_3,True,-147.08984558861522,-90.8714853464564,296771750961053852560416415379084186082,0.7494
rc_2_0,True,-147.08984558861522,-91.17148534645645,303703183566067433747734567243904640479,0.7497
rc_2_6,True,-147.08984558861522,-90.57148534645648,299559255279044845399570916327471968345,0.7443
rc_2_2,True,-147.08984558861522,-90.97148534645646,119638718532905036854435771379870760436,0.7494
rc_2_7,True,-147.08984558861522,-90.47148534645643,56830337601664292729637652286219385505,0.7443
rc_2_9,True,-147.08984558861522,-90.27148534645644,184978564889595403730376740952594892714,0.744
rc_2_8,True,-147.08984558861522,-90.37148534645651,232565216028323899920234987603715159295,0.7441
rc_2_11,True,-147.08984558861522,-90.07148534645648,170314955571654048110242381473456487147,0.7439
rc_2_14,True,-147.08984558861522,-89.7714853464564,305699348986733647032094255983596878835,0.7358
rc_2_10,True,-147.08984558861522,-90.17148534645646,315627663980119657353259115312641604040,0.7439
rc_3_-14,True,-146.98984558861522,-92.57148534645634,64319405200284484611322949800544034173,0.7381
rc_3_-15,True,-146.98984558861522,-92.67148534645652,305202430284653386343834674458604063108,0.7381
rc_3_-13,True,-146.98984558861522,-92.47148534645639,51839332719555556337548678826616533822,0.738
rc_3_-2,True,-146.98984558861522,-91.37148534645641,15974897109672805649494381788428762303,0.7464
rc_3_-10,True,-146.98984558861522,-92.17148534645644,55854214461331261310915356290353314694,0.7473
rc_3_-9,True,-146.98984558861522,-92.07148534645643,269598780198039071914538033211602724521,0.7471
rc_3_-6,True,-146.98984558861522,-91.77148534645642,63555135523472884761970997703291520539,0.7468
rc_3_-5,True,-146.98984558861522,-91.67148534645648,253733584592750525174887699681175786318,0.7466
rc_3_-3,True,-146.98984558861522,-91.4714853464564,323532366927580590824868556223095310623,0.7465
rc_3_-1,True,-146.98984558861522,-91.27148534645643,96557996943591377612152998677671492614,0.7497
rc_3_3,True,-146.98984558861522,-90.87148534645644,262686148518289147086055444284449255628,0.7492
rc_2_-7,True,-147.08984558861522,-91.87148534645645,279218062176275934559403425016898885650,0.7471
rc_2_-6,True,-147.08984558861522,-91.77148534645644,128849940802407643479695052790453966183,0.7469
rc_2_-10,True,-147.08984558861522,-92.17148534645648,277137120926787866613120820608491445202,0.7473
rc_2_-5,True,-147.08984558861522,-91.67148534645641,119838210193167571456224526255315261469,0.7468
rc_2_-1,True,-147.08984558861522,-91.27148534645646,155880312023473949345454692466236320828,0.7498
rc_2_15,True,-147.08984558861522,-89.67148534645649,115554773684208359700034736757700599761,0.7356
rc_2_5,True,-147.08984558861522,-90.6714853464564,157481040538422593362514883601459431072,0.7491
rc_3_15,True,-146.98984558861522,-89.67148534645645,118383857434733427508716984422769789811,0.7356
rc_3_-11,True,-146.98984558861522,-92.2714853464564,245361700476133105974479989276846042774,0.7473
rc_4_-15,True,-146.88984558861517,-92.67148534645645,80287311942966408558116138866360469560,0.7381
rc_2_12,True,-147.08984558861522,-89.97148534645645,9519636834355795664102006070365606256,0.7437
rc_2_13,True,-147.08984558861522,-89.8714853464565,264390074576519876438723896162095133941,0.7436
rc_4_-11,True,-146.88984558861517,-92.27148534645642,196576223257606601798358222843074382624,0.7472
rc_4_-14,True,-146.88984558861517,-92.57148534645653,54090077090575164625052114995010833531,0.738
rc_3_-4,True,-146.98984558861522,-91.57148534645648,144117211238312753350779537208122092230,0.7466
rc_4_-13,True,-146.88984558861517,-92.47148534645638,267013270081897992603322774677446225691,0.7379
rc_4_-12,True,-146.88984558861517,-92.37148534645647,252159276776027918384630220983401210565,0.7377
rc_4_-10,True,-146.88984558861517,-92.1714853464564,203515124383258179680088674736730861500,0.7472
rc_3_-12,True,-146.98984558861522,-92.37148534645641,52419503492251188667245790636288957699,0.7475
rc_3_4,True,-146.98984558861522,-90.77148534645653,49699484583697291104633475372137483437,0.7445
rc_3_2,True,-146.98984558861522,-90.97148534645636,115314645833772604667533885177442028657,0.7493
rc_4_-8,True,-146.88984558861517,-91.97148534645639,163612841846995866267822516253325448900,0.7469
rc_4_-9,True,-146.88984558861517,-92.07148534645651,34305557707605737893116801777421244910,0.747
rc_3_-8,True,-146.98984558861522,-91.97148534645646,288024759524315587669401755529787281945,0.747
rc_3_-7,True,-146.98984558861522,-91.87148534645652,82004800513398932889306248303953900117,0.7469
rc_3_1,True,-146.98984558861522,-91.07148534645638,167592172252914947799226784800332705642,0.7494
rc_3_0,True,-146.98984558861522,-91.17148534645644,155341518108594064614884081256154258168,0.7496
rc_3_6,True,-146.98984558861522,-90.57148534645637,210060487094787915184706975053301328922,0.7442
rc_3_5,True,-146.98984558861522,-90.67148534645646,137710097369776382177399990797341328928,0.7444
rc_4_-7,True,-146.88984558861517,-91.8714853464565,134752159777469141511138985814395815083,0.7468
rc_4_-6,True,-146.88984558861517,-91.77148534645643,139310171667277748729721204124494792754,0.7468
rc_4_-5,True,-146.88984558861517,-91.67148534645652,210691997256095417149685815641301946139,0.7467
rc_4_-4,True,-146.88984558861517,-91.57148534645644,6386092996243721068195128301376049874,0.7465
rc_4_1,True,-146.88984558861517,-91.07148534645638,298965401775196750839121727794379490052,0.7494
rc_3_7,True,-146.98984558861522,-90.47148534645643,336416229677112085653566075364747381702,0.7442
rc_3_8,True,-146.98984558861522,-90.37148534645645,215912814646593663078591491646926716116,0.744
rc_4_-3,True,-146.88984558861517,-91.4714853464564,259879786054878333082236896947735475652,0.7464
rc_4_-1,True,-146.88984558861517,-91.27148534645647,118620600980414404843886056705896116679,0.7496
rc_4_-2,True,-146.88984558861517,-91.37148534645642,17398057116914680247997189549723972279,0.7497
rc_4_5,True,-146.88984558861517,-90.67148534645649,185044572228958287282448493418165533808,0.7443
rc_4_0,True,-146.88984558861517,-91.17148534645645,103557613857250326848690476481259661642,0.7495
rc_3_13,True,-146.98984558861522,-89.87148534645644,295585437497313126426463715548983353912,0.7418
rc_3_11,True,-146.98984558861522,-90.0714853464564,7944382188834663353777693329254293894,0.742
rc_3_12,True,-146.98984558861522,-89.97148534645643,249194107499506886429049657726785254305,0.7419
rc_3_9,True,-146.98984558861522,-90.27148534645646,205870349844441764761880590418139239349,0.744
rc_4_2,True,-146.88984558861517,-90.97148534645646,277803934989806582845972126251209787025,0.7493
rc_3_10,True,-146.98984558861522,-90.17148534645642,320657728057696668742015171831435812830,0.7439
rc_4_3,True,-146.88984558861517,-90.87148534645648,265190182750350300497767196738407973201,0.7445
rc_4_6,True,-146.88984558861517,-90.57148534645646,255743282746303525355737501567530218836,0.7443
rc_4_4,True,-146.88984558861517,-90.77148534645649,228803957351340346689374769023092443098,0.7444
rc_3_14,True,-146.98984558861522,-89.77148534645642,199581167864954836161344467886357909952,0.7357
rc_4_7,True,-146.88984558861517,-90.47148534645645,99135386152760423366124029153842747258,0.7442
rc_4_8,True,-146.88984558861517,-90.37148534645645,73862646253680736661222367626332767861,0.744
rc_4_11,True,-146.88984558861517,-90.0714853464565,184794604199131300758915512743087168948,0.7419
rc_5_-15,True,-146.78984558861524,-92.6714853464565,34500682863614533995054687730224852682,0.738
rc_4_10,True,-146.88984558861517,-90.17148534645648,198711916361474512384757008860727060035,0.7421
rc_4_9,True,-146.88984558861517,-90.27148534645642,169302267239248525720710523970974928162,0.7422
rc_4_13,True,-146.88984558861517,-89.87148534645651,335877652831679317392071216331636070640,0.7357
rc_5_-14,True,-146.78984558861524,-92.57148534645647,16448682176675483373829526521574733455,0.7379
rc_4_12,True,-146.88984558861517,-89.97148534645646,252914308206432544984671847612268107171,0.7419
rc_5_-10,True,-146.78984558861524,-92.17148534645645,94551239296674730430775076928681929175,0.7471
rc_4_15,True,-146.88984558861517,-89.67148534645642,327426030156802582708920007075373745136,0.7355
rc_4_14,True,-146.88984558861517,-89.77148534645644,278809152492773966797534384455331636124,0.7356
rc_5_-13,True,-146.78984558861524,-92.47148534645642,110525114772082994615686050663643180299,0.7378
rc_5_-12,True,-146.78984558861524,-92.37148534645647,277483805798928855039874192457670658487,0.7376
rc_5_-11,True,-146.78984558861524,-92.27148534645652,5305562114655203604291840553629879751,0.7472
rc_5_-7,True,-146.78984558861524,-91.8714853464565,76099700724794462844185861107930982118,0.7467
rc_5_-5,True,-146.78984558861524,-91.67148534645642,338785641136212413310396439237236324856,0.7465
rc_5_-9,True,-146.78984558861524,-92.07148534645646,180357357619684509889228679390678097145,0.747
rc_5_-6,True,-146.78984558861524,-91.77148534645644,141639477926989715311795813700311693792,0.7467
rc_5_-8,True,-146.78984558861524,-91.97148534645648,191534861023906506532951774560735986676,0.7469
rc_5_-4,True,-146.78984558861524,-91.57148534645644,12673275694252955009645846485158882265,0.7464
rc_5_-3,True,-146.78984558861524,-91.47148534645646,29343272830973536848437659103401016493,0.7463
rc_5_-1,True,-146.78984558861524,-91.27148534645647,26741899450560736777096391828537699245,0.7495
rc_5_-2,True,-146.78984558861524,-91.37148534645647,217963132621898181046829528916204493905,0.7497
rc_5_2,True,-146.78984558861524,-90.9714853464564,307594312270092231501154983350567834153,0.7445
rc_5_0,True,-146.78984558861524,-91.17148534645644,132373951657673865750199341402958265765,0.7494
rc_5_3,True,-146.78984558861524,-90.87148534645648,334258898433453024811046243877468507470,0.7445
rc_5_5,True,-146.78984558861524,-90.67148534645644,281838707445884825800128355199702999347,0.7443
rc_5_4,True,-146.78984558861524,-90.77148534645642,46984805732431375478828943269029729542,0.7444
rc_5_12,True,-146.78984558861524,-89.9714853464565,339418103196663518958665118510172938762,0.7417
rc_5_8,True,-146.78984558861524,-90.3714853464564,295791812101150798247732637000317841678,0.7423
rc_5_9,True,-146.78984558861524,-90.27148534645646,191991538560060863270929666895913641531,0.7421
rc_5_15,True,-146.78984558861524,-89.67148534645648,145437407175664287127583930912830058743,0.7355
rc_5_6,True,-146.78984558861524,-90.57148534645646,49191486986846836679820293082493007843,0.7441
rc_5_14,True,-146.78984558861524,-89.77148534645647,143206344962149963340578583002183287371,0.7355
rc_6_-10,True,-146.68984558861524,-92.17148534645645,309937199507971953036238259888700313467,0.7469
rc_6_-15,True,-146.68984558861524,-92.6714853464564,863301575782015033844094559254473442,0.7362
rc_6_-14,True,-146.68984558861524,-92.57148534645638,277290809430243648070239809349601313714,0.7362
rc_6_-11,True,-146.68984558861524,-92.27148534645644,233815090245993291935294229044330714821,0.7374
rc_6_-9,True,-146.68984558861524,-92.07148534645643,147145243324211510508036671357325769489,0.7469
rc_6_-7,True,-146.68984558861524,-91.87148534645647,143920749171931480560725429954180963283,0.7466
rc_6_-4,True,-146.68984558861524,-91.57148534645643,299963299820891849435580231304774333745,0.7463
rc_6_-3,True,-146.68984558861524,-91.4714853464564,329870366839661481635522389132413353705,0.7496
rc_6_-5,True,-146.68984558861524,-91.67148534645645,43564283668251200758402467988012337757,0.7465
rc_6_-6,True,-146.68984558861524,-91.77148534645637,103544786629700836933287765571377843364,0.7465
rc_6_1,True,-146.68984558861524,-91.07148534645643,44048196457357184338805610826319197584,0.7447
rc_6_0,True,-146.68984558861524,-91.17148534645642,330361654452702434193713181813980920536,0.7494
rc_6_-2,True,-146.68984558861524,-91.37148534645645,155780783447798635987030551238457345489,0.7496
rc_6_-1,True,-146.68984558861524,-91.27148534645639,22765130590778021344114986745136077160,0.7494
rc_6_4,True,-146.68984558861524,-90.77148534645643,93735603867702406607217250092951652516,0.7443
rc_6_2,True,-146.68984558861524,-90.9714853464564,129960009105237822000750983850745686173,0.7445
rc_6_6,True,-146.68984558861524,-90.57148534645643,260297363291091565100919702212436821917,0.7423
rc_6_3,True,-146.68984558861524,-90.87148534645647,115222533239638633477006426642123929370,0.7444
rc_6_9,True,-146.68984558861524,-90.2714853464564,16784151648488257599748678188150508001,0.742
rc_6_10,True,-146.68984558861524,-90.17148534645641,111583046240040731171705780194535142676,0.7418
rc_6_12,True,-146.68984558861524,-89.97148534645639,19407225311450720901070840075679931411,0.7417
rc_6_11,True,-146.68984558861524,-90.07148534645643,92069058139016686245736462700688802871,0.7418
rc_7_-15,True,-146.58984558861516,-92.6714853464564,166279018663819218774228850236124927600,0.7361
rc_7_-14,True,-146.58984558861516,-92.5714853464564,48671534547209524889345757730587738995,0.736
rc_6_13,True,-146.68984558861524,-89.87148534645638,70541242264299323355263226632236882609,0.7355
rc_7_-10,True,-146.58984558861516,-92.17148534645644,85933006743727841326636920302325338931,0.7354
rc_5_1,True,-146.78984558861524,-91.07148534645648,190875492620003663764655251796849669369,0.7493
rc_5_7,True,-146.78984558861524,-90.47148534645646,43608293617718718209249747298327803075,0.7441
rc_5_10,True,-146.78984558861524,-90.17148534645642,198344650903122595329081034602646814163,0.742
rc_5_13,True,-146.78984558861524,-89.87148534645645,151797087926430311558370366589848825655,0.7356
rc_5_11,True,-146.78984558861524,-90.07148534645641,266115172246493476695740097225049755724,0.7419
rc_6_-13,True,-146.68984558861524,-92.47148534645646,47758381649215328664816702998509626599,0.736
rc_6_-12,True,-146.68984558861524,-92.3714853464564,40863047265617131422740293872905691017,0.7376
rc_6_-8,True,-146.68984558861524,-91.97148534645642,50427681128420534961549072176984024964,0.7467
rc_7_3,True,-146.58984558861516,-90.87148534645644,43320099056829711751727049434999035242,0.7425
rc_6_7,True,-146.68984558861524,-90.47148534645646,303157489817340797207675461845065139450,0.7422
rc_7_4,True,-146.58984558861516,-90.77148534645643,296532432702341696301234004111819850952,0.7425
rc_6_8,True,-146.68984558861524,-90.3714853464564,301392251754694181590776597667407013738,0.7422
rc_6_5,True,-146.68984558861524,-90.67148534645641,160192137579581427103093367246217195338,0.7425
rc_7_6,True,-146.58984558861516,-90.57148534645643,252242683918453260300741788197969870482,0.7422
rc_7_8,True,-146.58984558861516,-90.3714853464565,202380225401096245079067470104017177760,0.742
rc_7_7,True,-146.58984558861516,-90.4714853464565,296751820656961846534146797208252293340,0.7421
rc_7_5,True,-146.58984558861516,-90.67148534645641,193552132367600523588820559094738152053,0.7424
rc_7_-8,True,-146.58984558861516,-91.97148534645642,326123291129991845539789369405351724622,0.7467
rc_7_9,True,-146.58984558861516,-90.2714853464564,232507361334183747443186137904744735136,0.7418
rc_7_12,True,-146.58984558861516,-89.97148534645643,198650993932668706697906090479490291109,0.7356
rc_6_15,True,-146.68984558861524,-89.67148534645641,74456036212955884173004637634482124212,0.7354
rc_7_11,True,-146.58984558861516,-90.07148534645643,8280587364985523489229467265683980498,0.7416
rc_7_10,True,-146.58984558861516,-90.17148534645642,131045140531677016410576596276532652558,0.7417
rc_7_13,True,-146.58984558861516,-89.87148534645642,174972252420466285090368904141732773916,0.7354
rc_6_14,True,-146.68984558861524,-89.7714853464564,297776836212435850212711363425816629705,0.7354
rc_7_-13,True,-146.58984558861516,-92.47148534645642,292355236289959410569077362239189783814,0.7359
rc_7_-12,True,-146.58984558861516,-92.37148534645641,335941449792775284416897016599634622762,0.7358
rc_8_-14,True,-146.48984558861514,-92.57148534645644,269921166744023846399267117601901614318,0.7359
rc_7_14,True,-146.58984558861516,-89.77148534645646,209951777502452446038080551240832090837,0.7353
rc_8_-15,True,-146.48984558861514,-92.67148534645642,251230318929626327876005328097424766503,0.736
rc_8_-12,True,-146.48984558861514,-92.37148534645648,261801156949130664634806112051561352329,0.7357
rc_7_-11,True,-146.58984558861516,-92.27148534645643,197939359107111383941951430692175856925,0.7356
rc_7_15,True,-146.58984558861516,-89.67148534645645,194661754546907695160125790218653546087,0.7352
rc_7_-9,True,-146.58984558861516,-92.07148534645643,224182120990020237584060008105918885195,0.745
rc_8_-13,True,-146.48984558861514,-92.47148534645646,277636556679591200498353809089554571952,0.7358
rc_7_-7,True,-146.58984558861516,-91.87148534645642,175171244144455002633573192016034451864,0.7465
rc_7_-5,True,-146.58984558861516,-91.67148534645638,328678970161199129609353841378081782288,0.7463
rc_8_-11,True,-146.48984558861514,-92.2714853464564,202700272753224464257069990911993671761,0.7356
rc_7_-6,True,-146.58984558861516,-91.77148534645642,1201961863283638429799698041950501502,0.7464
rc_8_-9,True,-146.48984558861514,-92.07148534645646,199145572598153812628489867164359460128,0.7352
rc_7_-4,True,-146.58984558861516,-91.57148534645644,119524095918503166188610223662361234873,0.7496
rc_8_-10,True,-146.48984558861514,-92.1714853464565,188470516503940310517333485778769673393,0.7354
rc_7_-2,True,-146.58984558861516,-91.37148534645645,175537447111046337390976329250214758539,0.7495
rc_8_-6,True,-146.48984558861514,-91.77148534645654,252479910977922917597582329584705337517,0.7447
rc_7_1,True,-146.58984558861516,-91.07148534645641,78169059202140953086325530925024750455,0.7445
rc_7_-1,True,-146.58984558861516,-91.27148534645647,248984976564106781599359967142070166425,0.7494
rc_7_-3,True,-146.58984558861516,-91.4714853464564,185745797256252546887007046884009362601,0.7496
rc_7_0,True,-146.58984558861516,-91.17148534645644,272530366760253521945549025481743800434,0.7446
rc_7_2,True,-146.58984558861516,-90.97148534645639,264047010243193714273498124022881058954,0.7444
rc_8_-5,True,-146.48984558861514,-91.67148534645645,198640710000467215860668073735599305299,0.7463
rc_8_-8,True,-146.48984558861514,-91.97148534645652,326544249514048273292340390185778947553,0.7448
rc_8_-1,True,-146.48984558861514,-91.27148534645643,262659809179995889890045953848136138674,0.7446
rc_8_-7,True,-146.48984558861514,-91.87148534645642,218413338913844453305516028973569352563,0.7447
rc_8_-4,True,-146.48984558861514,-91.57148534645651,165882285989897346930993221708307464302,0.7496
rc_8_0,True,-146.48984558861514,-91.17148534645645,148071551561223547264629304647012775525,0.7445
rc_8_-3,True,-146.48984558861514,-91.47148534645645,170966600156508442065179287973732458775,0.7495
rc_8_-2,True,-146.48984558861514,-91.37148534645645,118326549007415831578133724753027431631,0.7494
rc_8_1,True,-146.48984558861514,-91.07148534645638,5337979327597552599861109636304936118,0.7427
rc_8_6,True,-146.48984558861514,-90.57148534645648,210301035756768266784165988523737282329,0.7421
rc_8_2,True,-146.48984558861514,-90.97148534645649,175357882253016850062428727123817103304,0.7427
rc_8_3,True,-146.48984558861514,-90.87148534645647,180319430719039480594866416251389981397,0.7425
rc_8_4,True,-146.48984558861514,-90.77148534645643,238479679171392204282435252924412413797,0.7423
rc_8_5,True,-146.48984558861514,-90.67148534645646,51051089597552523075630207265902751211,0.7423
rc_8_13,True,-146.48984558861514,-89.87148534645645,131992339428036971860767473887196109616,0.7316
rc_8_7,True,-146.48984558861514,-90.47148534645639,108307283438903046459245565926164111842,0.742
rc_8_8,True,-146.48984558861514,-90.3714853464565,174570836881211468489078078125867011813,0.7381
rc_8_9,True,-146.48984558861514,-90.27148534645636,96890205394441326122888489649874428262,0.7418
rc_8_10,True,-146.48984558861514,-90.17148534645646,27914625952441373598607456092183030142,0.7417
rc_9_-10,True,-146.38984558861526,-92.17148534645642,165620309323739804340466505847744828827,0.7353
rc_9_-9,True,-146.38984558861526,-92.07148534645644,155805135881249757227994174633306374604,0.7352
rc_9_-2,True,-146.38984558861526,-91.37148534645645,111092809509469620590676910443059797111,0.7392
rc_8_11,True,-146.48984558861514,-90.07148534645644,86227056962582237889969636983523901836,0.7378
rc_8_15,True,-146.48984558861514,-89.67148534645645,114387496794821997014739141860594677450,0.7314
rc_9_-11,True,-146.38984558861526,-92.2714853464564,204780221574522166990353111856547569222,0.7355
rc_8_14,True,-146.48984558861514,-89.77148534645642,264771439646875935375236858616363841228,0.7315
rc_8_12,True,-146.48984558861514,-89.97148534645642,233343124909619094249717506985879952397,0.7317
rc_9_-7,True,-146.38984558861526,-91.87148534645642,241993587525589214474717287053673558478,0.7447
rc_9_-14,True,-146.38984558861526,-92.57148534645637,118177909737144452936005311632138130914,0.7359
rc_9_-13,True,-146.38984558861526,-92.47148534645645,58725173056126193632792703788182540045,0.7357
rc_9_-8,True,-146.38984558861526,-91.97148534645648,175942161635059525831877044142998589341,0.7352
rc_9_-15,True,-146.38984558861526,-92.67148534645646,154095172204271486222833165644838311248,0.7359
rc_9_-5,True,-146.38984558861526,-91.6714853464565,339907983579185005684172143089832395991,0.7407
rc_9_-12,True,-146.38984558861526,-92.37148534645642,50900738110432313523727520455005322075,0.7355
rc_9_-6,True,-146.38984558861526,-91.77148534645642,6520178969811747968555914659656992600,0.7445
rc_9_-4,True,-146.38984558861526,-91.57148534645646,170940888496068711292110086232082188454,0.7478
rc_9_-3,True,-146.38984558861526,-91.47148534645648,150679603287481903997239715505879135196,0.7392
rc_9_-1,True,-146.38984558861526,-91.27148534645647,242522946069822621295772691263215110473,0.7391
rc_9_0,True,-146.38984558861526,-91.17148534645644,257042289891299504146207334222865534609,0.739
rc_9_1,True,-146.38984558861526,-91.07148534645644,4283474608628635094762094208586969013,0.7388
rc_9_4,True,-146.38984558861526,-90.77148534645647,288946953187387230128720639570376181753,0.7385
rc_9_2,True,-146.38984558861526,-90.97148534645643,324483551720315391882122079014529733626,0.7388
rc_9_3,True,-146.38984558861526,-90.87148534645647,168326960487447618282121737834248175323,0.7386
rc_9_5,True,-146.38984558861526,-90.67148534645644,115215356977776201586100093558293638851,0.7384
rc_9_6,True,-146.38984558861526,-90.57148534645643,311357180835919583396221418974861548627,0.7383
rc_9_7,True,-146.38984558861526,-90.47148534645649,74439187781961051673965553633225768674,0.7382
rc_9_12,True,-146.38984558861526,-89.97148534645645,124774162283412726400166434165622758569,0.7316
rc_9_8,True,-146.38984558861526,-90.37148534645644,286786161398699560467469887018114902172,0.738
rc_9_10,True,-146.38984558861526,-90.17148534645642,241861403907429474885809119883609893638,0.7378
rc_9_13,True,-146.38984558861526,-89.87148534645651,4418951095245052411597455061173661831,0.7316
rc_9_9,True,-146.38984558861526,-90.27148534645646,92503618466291875837754757539039952357,0.738
rc_10_-7,True,-146.28984558861518,-91.87148534645641,85756742397633738481284002326401388408,0.7407
rc_9_15,True,-146.38984558861526,-89.67148534645642,228241584426356603658021607634245928070,0.7313
rc_10_-15,True,-146.28984558861518,-92.67148534645644,275605668584152137533935319066099935875,0.732
rc_10_-13,True,-146.28984558861518,-92.47148534645646,189774514745406043876550813603290658452,0.7318
rc_10_-9,True,-146.28984558861518,-92.07148534645644,82186802356717936150308266552926752440,0.7313
rc_10_-12,True,-146.28984558861518,-92.3714853464564,131595231523398970440744795074601047434,0.7317
rc_10_-10,True,-146.28984558861518,-92.17148534645642,270451911808262254645489847982713681663,0.7315
rc_10_0,True,-146.28984558861518,-91.17148534645642,23312679263828381381276877237503550352,0.7371
rc_10_-5,True,-146.28984558861518,-91.67148534645638,186298610198854366155107788367416102366,0.744
rc_10_-8,True,-146.28984558861518,-91.97148534645645,29934736863907800556446147533964818699,0.7313
rc_10_-6,True,-146.28984558861518,-91.77148534645644,173153601949461870246489367293871722681,0.7406
rc_10_1,True,-146.28984558861518,-91.07148534645644,207379615046163056961702492261256036564,0.737
rc_10_-2,True,-146.28984558861518,-91.37148534645648,218950765357565944209203558070883461099,0.7373
rc_10_2,True,-146.28984558861518,-90.9714853464564,159032054568994720190788833572016696791,0.7386
rc_10_3,True,-146.28984558861518,-90.87148534645647,57836623108164295344450135259634431294,0.7386
rc_10_4,True,-146.28984558861518,-90.7714853464564,294592816799651809486403906279704843225,0.7384
rc_10_7,True,-146.28984558861518,-90.47148534645639,265193352191319438279055867605727782818,0.738
rc_11_-15,True,-146.18984558861516,-92.6714853464565,270971517888480172077187143242911393994,0.732
rc_10_6,True,-146.28984558861518,-90.57148534645638,251225653654422279368607953035399367783,0.7382
rc_10_9,True,-146.28984558861518,-90.27148534645642,302444057399922295171473155891651061862,0.7378
rc_10_12,True,-146.28984558861518,-89.97148534645645,55548984500407954384868537503604121942,0.7315
rc_10_13,True,-146.28984558861518,-89.87148534645638,233816082516698067601183550564708141328,0.7314
rc_10_11,True,-146.28984558861518,-90.07148534645644,295936434059428798768402374963093434108,0.7316
rc_10_10,True,-146.28984558861518,-90.1714853464564,63801128487402321694917065988418853478,0.7377
rc_11_-13,True,-146.18984558861516,-92.47148534645646,27808093545834161992909461099305271380,0.7318
rc_10_15,True,-146.28984558861518,-89.67148534645649,176754822129168303429420503623911500785,0.7312
rc_11_-10,True,-146.18984558861516,-92.17148534645649,134841799492098238376556397140181800020,0.7314
rc_11_-12,True,-146.18984558861516,-92.37148534645642,141677924850940507550378050343264025060,0.7316
rc_11_-9,True,-146.18984558861516,-92.07148534645637,120462384014059933658507389092735776360,0.7312
rc_11_-7,True,-146.18984558861516,-91.87148534645645,213104749090696102104293163945749908640,0.7311
rc_11_-11,True,-146.18984558861516,-92.2714853464564,150614101856602190584863516266700630381,0.7316
rc_11_-8,True,-146.18984558861516,-91.97148534645642,194090320908555435562733381462257859731,0.7311
rc_11_-4,True,-146.18984558861516,-91.57148534645643,337571245093417942038999704940152769315,0.7375
rc_11_0,True,-146.18984558861516,-91.17148534645645,277279014713722401259784449320966880611,0.7371
rc_11_1,True,-146.18984558861516,-91.07148534645644,32840383215050925239201269940503595453,0.737
rc_11_-3,True,-146.18984558861516,-91.4714853464565,69777718004902806285107490012230572550,0.7373
rc_11_-2,True,-146.18984558861516,-91.37148534645648,136514771592437215434436534807053420722,0.7372
rc_11_-1,True,-146.18984558861516,-91.2714853464565,282700006547896215835557812609778837682,0.7372
rc_11_6,True,-146.18984558861516,-90.57148534645643,180713996701409761870787880051218084606,0.738
rc_11_4,True,-146.18984558861516,-90.77148534645643,304215325999830056208868337469467906652,0.7366
rc_9_11,True,-146.38984558861526,-90.07148534645647,332042158478934239709064789917010479560,0.7378
rc_10_-14,True,-146.28984558861518,-92.57148534645644,42898228815620010667070802350214517275,0.7319
rc_9_14,True,-146.38984558861526,-89.7714853464565,99514325943471842751290700756934245471,0.7314
rc_10_-4,True,-146.28984558861518,-91.57148534645648,286251427036290618019253601958828008241,0.744
rc_10_-11,True,-146.28984558861518,-92.2714853464564,261531172972131067720939081435597129267,0.7317
rc_10_-3,True,-146.28984558861518,-91.47148534645638,234083904190374284976217208019171978057,0.7375
rc_10_-1,True,-146.28984558861518,-91.27148534645647,28387938019223318565068717808756273498,0.7373
rc_10_5,True,-146.28984558861518,-90.67148534645636,27679036568036276825802593372456709131,0.7382
rc_12_-12,True,-146.08984558861525,-92.3714853464565,272378347057544943618233617413468580569,0.7315
rc_10_8,True,-146.28984558861518,-90.3714853464564,142492900720985027276063718021509236094,0.7379
rc_11_-14,True,-146.18984558861516,-92.5714853464564,326207921983944427584765530670319079927,0.7319
rc_12_-11,True,-146.08984558861525,-92.27148534645647,50341293355092943744449652810867753601,0.7314
rc_12_-10,True,-146.08984558861525,-92.17148534645645,258310028308461340941496419808938818101,0.7314
rc_10_14,True,-146.28984558861518,-89.77148534645644,222400431468013783043354457708970920294,0.7314
rc_12_-8,True,-146.08984558861525,-91.97148534645648,84644813958613498846343971798924033050,0.7311
rc_12_-9,True,-146.08984558861525,-92.07148534645644,59831523054031045974948663147994235293,0.7312
rc_12_-7,True,-146.08984558861525,-91.87148534645648,325041381965684356918988806132634345805,0.7328
rc_12_-5,True,-146.08984558861525,-91.67148534645648,266294339703779598518562527728291618214,0.7374
rc_12_-6,True,-146.08984558861525,-91.77148534645644,184415328636703960513389615838461419322,0.7376
rc_11_3,True,-146.18984558861516,-90.87148534645641,295836547657686411058719574793549768239,0.7368
rc_12_-4,True,-146.08984558861525,-91.57148534645646,62012795503402854525043527540296428407,0.7374
rc_12_-3,True,-146.08984558861525,-91.47148534645645,38487405945885309909065728481938269193,0.7373
rc_11_2,True,-146.18984558861516,-90.97148534645643,56740831368572666196555780950887216959,0.7368
rc_11_-6,True,-146.18984558861516,-91.77148534645644,177811405237873783748748906535339340200,0.7441
rc_12_-2,True,-146.08984558861525,-91.37148534645651,264467084156172385081904472090056102253,0.7372
rc_11_-5,True,-146.18984558861516,-91.67148534645648,63877534031638676592722748691701525005,0.7376
rc_12_0,True,-146.08984558861525,-91.17148534645645,130509527647737906364376647689953371916,0.737
rc_12_-1,True,-146.08984558861525,-91.27148534645647,288635537658788933566164518412515017082,0.7371
rc_12_3,True,-146.08984558861525,-90.87148534645647,185147512619842056151342890416091901375,0.7366
rc_12_2,True,-146.08984558861525,-90.9714853464565,22807267860119043550627858860015871818,0.7367
rc_11_10,True,-146.18984558861516,-90.1714853464564,226953297598044802741118305697228815615,0.7376
rc_12_1,True,-146.08984558861525,-91.07148534645644,7239274489991821337767189154128999601,0.7368
rc_11_7,True,-146.18984558861516,-90.47148534645646,104081872313462925108281397925503879783,0.738
rc_12_4,True,-146.08984558861525,-90.77148534645649,73276398347312461067242589575169029282,0.7366
rc_11_5,True,-146.18984558861516,-90.67148534645646,217262894125245644404497954813263197954,0.7364
rc_11_11,True,-146.18984558861516,-90.07148534645648,192461135147913523036535380369023763643,0.7316
rc_11_12,True,-146.18984558861516,-89.97148534645646,314301266214625676838312184106464452060,0.7314
rc_11_8,True,-146.18984558861516,-90.37148534645638,117040825333354164350205535028414702353,0.7379
rc_11_9,True,-146.18984558861516,-90.27148534645646,93798065584069608783115391233948320919,0.7377
rc_12_6,True,-146.08984558861525,-90.57148534645644,33824467830564634111547069103754198768,0.7363
rc_12_7,True,-146.08984558861525,-90.47148534645649,179967732383329180269282543422250358738,0.7362
rc_12_5,True,-146.08984558861525,-90.67148534645641,239841816176279408952696204047315761975,0.7364
rc_12_8,True,-146.08984558861525,-90.3714853464565,194781618759609442517053251190139912942,0.7361
rc_12_-14,True,-146.08984558861525,-92.5714853464564,285351663817577252720136183251546716290,0.7319
rc_12_12,True,-146.08984558861525,-89.97148534645645,259499211101492385204152002439658615333,0.7313
rc_12_11,True,-146.08984558861525,-90.07148534645648,138028134808952111881015827326560935217,0.7315
rc_12_9,True,-146.08984558861525,-90.27148534645646,238590728974306528322768320686794685652,0.736
rc_12_10,True,-146.08984558861525,-90.17148534645649,155966425079415797324251204827498642807,0.7376
rc_11_15,True,-146.18984558861516,-89.67148534645645,170704511342205459784442286294726953267,0.7311
rc_11_13,True,-146.18984558861516,-89.87148534645645,165670051583951561674631714519030852937,0.7314
rc_12_-15,True,-146.08984558861525,-92.67148534645652,288986664933901233708982094971500840040,0.7319
rc_12_14,True,-146.08984558861525,-89.77148534645644,222626813701523754656935922655887265580,0.7312
rc_11_14,True,-146.18984558861516,-89.77148534645647,337484806220172552057612957297125143799,0.7313
rc_12_13,True,-146.08984558861525,-89.87148534645645,9315089646380876194621708027961633114,0.7313
rc_13_-15,True,-145.98984558861514,-92.67148534645652,150917349489234610750305104761417416517,0.7318
rc_12_15,True,-146.08984558861525,-89.6714853464564,140728001549487277082703006439173201359,0.7311
rc_13_-14,True,-145.98984558861514,-92.57148534645647,5871791599719366023770737868135168260,0.7317
rc_12_-13,True,-146.08984558861525,-92.47148534645649,97649036463218855014285346010638748681,0.7317
rc_13_-13,True,-145.98984558861514,-92.47148534645649,13817571011060140216868002407048670478,0.7316
rc_13_-12,True,-145.98984558861514,-92.37148534645642,178904759140224178769720415148883278233,0.7315
rc_13_-11,True,-145.98984558861514,-92.27148534645644,313127089619847030359459391387187081171,0.7313
rc_13_-10,True,-145.98984558861514,-92.17148534645645,295527093931652360125272095371414208308,0.7312
rc_13_-9,True,-145.98984558861514,-92.07148534645647,89543465763169531883948067606297176884,0.7294
rc_13_-3,True,-145.98984558861514,-91.47148534645645,33992192016491679858337742381688792024,0.7372
rc_13_-4,True,-145.98984558861514,-91.5714853464565,291308861681410075931721566893546263125,0.7372
rc_13_-8,True,-145.98984558861514,-91.97148534645642,179966390034593043176797629925264614059,0.7245
rc_13_-7,True,-145.98984558861514,-91.87148534645645,192343305285784823551383506570091931671,0.7245
rc_13_-6,True,-145.98984558861514,-91.7714853464564,279794660455779890452454203432859882385,0.7375
rc_13_-1,True,-145.98984558861514,-91.27148534645646,148645278513056600048106166599889451983,0.7369
rc_13_-5,True,-145.98984558861514,-91.67148534645655,46171257364968828756027151676388538755,0.7374
rc_13_-2,True,-145.98984558861514,-91.37148534645647,322450445503269642357364815365370361872,0.737
rc_13_8,True,-145.98984558861514,-90.37148534645638,295402151045535387003250934077464613956,0.736
rc_13_1,True,-145.98984558861514,-91.07148534645648,89286895724501452492685337850208855358,0.7368
rc_13_3,True,-145.98984558861514,-90.87148534645648,1195961781947248949566171477605879936,0.7365
rc_13_0,True,-145.98984558861514,-91.17148534645645,277177328217368611044400752256443981185,0.7368
rc_13_5,True,-145.98984558861514,-90.67148534645641,254631529963221663372662196336670654766,0.7363
rc_13_2,True,-145.98984558861514,-90.97148534645646,119903561869213789864161906922794991784,0.7366
rc_13_11,True,-145.98984558861514,-90.07148534645644,2729762587643042106021498103525010731,0.7297
rc_13_7,True,-145.98984558861514,-90.47148534645649,323853177803212149621570596996646338360,0.7362
rc_13_4,True,-145.98984558861514,-90.77148534645643,278173364747609321509508583854858273532,0.7365
rc_13_13,True,-145.98984558861514,-89.87148534645645,289512736511933998291301193789606140255,0.7312
rc_13_6,True,-145.98984558861514,-90.57148534645643,277416736222730557008771582032001968674,0.7362
rc_13_9,True,-145.98984558861514,-90.27148534645652,105462144379062250951334192666336551655,0.7359
rc_13_10,True,-145.98984558861514,-90.17148534645642,29141122882031994953317237542914598826,0.7298
rc_13_12,True,-145.98984558861514,-89.97148534645649,288472452823372103377617130629476573168,0.7296
rc_14_-13,True,-145.88984558861515,-92.47148534645655,238788123715607740354026234773833295292,0.7315
rc_13_15,True,-145.98984558861514,-89.67148534645641,302972608357627986036911318795010569706,0.731
rc_14_-15,True,-145.88984558861515,-92.67148534645646,37867420972228400767749938966400664126,0.7318
rc_14_-14,True,-145.88984558861515,-92.57148534645646,242956147972939327756323989325204939909,0.7316
rc_13_14,True,-145.98984558861514,-89.77148534645652,2639542141563265145105491118239078312,0.7311
rc_14_-12,True,-145.88984558861515,-92.37148534645647,270206295478302076913589882056749810226,0.7314
rc_14_-10,True,-145.88984558861515,-92.1714853464565,63829521565040699541227678803022118528,0.7294
rc_14_-11,True,-145.88984558861515,-92.27148534645647,314337782325997169929348782609969618549,0.7295
rc_14_-9,True,-145.88984558861515,-92.07148534645646,297372057640903829317080061949176411211,0.7294
rc_14_-8,True,-145.88984558861515,-91.97148534645648,128461426367756588501830988883439822362,0.7244
rc_14_-4,True,-145.88984558861515,-91.57148534645644,200326426448807790666678467601519267597,0.7371
rc_14_-2,True,-145.88984558861515,-91.37148534645651,294157025185732626580980170347882575916,0.737
rc_14_-7,True,-145.88984558861515,-91.87148534645645,26701661861254163673524501339774907365,0.7278
rc_14_-1,True,-145.88984558861515,-91.27148534645653,307356301166960261181633581538675375371,0.7368
rc_14_-5,True,-145.88984558861515,-91.67148534645641,338695567988378416975688522203897185759,0.7372
rc_14_2,True,-145.88984558861515,-90.97148534645645,147790096297885460537483861013533084620,0.7365
rc_14_0,True,-145.88984558861515,-91.17148534645648,155623263572677424934979942229776608956,0.7367
rc_14_5,True,-145.88984558861515,-90.67148534645649,171335397087835608859122220357144352122,0.7362
rc_14_1,True,-145.88984558861515,-91.0714853464565,146514983481010460984879698728975497128,0.7366
rc_14_4,True,-145.88984558861515,-90.77148534645649,32544564794029029348783726845930083902,0.7364
rc_14_7,True,-145.88984558861515,-90.47148534645649,33718699642315660631497881355207812831,0.736
rc_14_13,True,-145.88984558861515,-89.87148534645651,229303454377414789711791383150706563554,0.7294
rc_14_9,True,-145.88984558861515,-90.27148534645646,164151610090281660082555985342467513161,0.7358
rc_14_8,True,-145.88984558861515,-90.37148534645644,256631216018874703553633542395982548691,0.7359
rc_15_-11,True,-145.78984558861515,-92.2714853464564,142665953930354185820653453087676731159,0.7295
rc_15_-15,True,-145.78984558861515,-92.6714853464564,17468853940981039662564592193362905075,0.7316
rc_14_14,True,-145.88984558861515,-89.77148534645646,308542925221434213405343670921815382866,0.7293
rc_14_15,True,-145.88984558861515,-89.67148534645646,182828268662376356813730291925381661408,0.7309
rc_14_12,True,-145.88984558861515,-89.97148534645649,523407752062214324227982538098612771,0.7295
rc_15_-13,True,-145.78984558861515,-92.47148534645646,285944103408787850389411380891088480040,0.7297
rc_15_-12,True,-145.78984558861515,-92.37148534645641,7020394339911478581353465357595663322,0.7297
rc_15_-1,True,-145.78984558861515,-91.27148534645646,267011678293751675906824865300893173220,0.7367
rc_15_-6,True,-145.78984558861515,-91.77148534645642,338169682543597988231320253400725856266,0.7276
rc_15_2,True,-145.78984558861515,-90.9714853464564,315279891898531047489941229092799437377,0.7364
rc_15_-8,True,-145.78984558861515,-91.97148534645648,305977704056448923993658455075305296762,0.7278
rc_15_-5,True,-145.78984558861515,-91.67148534645642,41224459981460219977345637166085293933,0.7275
rc_15_5,True,-145.78984558861515,-90.67148534645642,306589452894433395153908924767251136661,0.7361
rc_15_-3,True,-145.78984558861515,-91.47148534645645,180803758860939879421101881236200185260,0.7369
rc_15_-4,True,-145.78984558861515,-91.57148534645648,13485404627444579806667619698153486554,0.7371
rc_15_0,True,-145.78984558861515,-91.17148534645644,52311460993755334282284691446153013326,0.7366
rc_15_3,True,-145.78984558861515,-90.87148534645641,11558431607240328415251903361844765557,0.7363
rc_15_4,True,-145.78984558861515,-90.77148534645652,282219949011360356775350429902136516480,0.7362
rc_15_-2,True,-145.78984558861515,-91.37148534645641,177909504451136735237953011479586815247,0.7368
rc_15_6,True,-145.78984558861515,-90.57148534645643,243566065783622337041845996590253973325,0.7359
rc_15_7,True,-145.78984558861515,-90.47148534645643,127682511125515514961336160672310565319,0.7359
rc_15_8,True,-145.78984558861515,-90.37148534645645,317509784221205951523097594759935779436,0.7358
rc_15_10,True,-145.78984558861515,-90.17148534645642,123523130822512259247070905749955901386,0.7296
rc_15_11,True,-145.78984558861515,-90.0714853464565,328617708185438102064101949824601757724,0.7295
rc_15_12,True,-145.78984558861515,-89.97148534645638,137674648205059986428744354857974743210,0.7295
rc_15_14,True,-145.78984558861515,-89.77148534645639,119309553146974414834150879108118665612,0.7292
rc_14_-6,True,-145.88984558861515,-91.77148534645642,12270145194723910824387776202839017753,0.7277
rc_14_-3,True,-145.88984558861515,-91.4714853464565,196561816609106908569157649226991810340,0.737
rc_15_-10,True,-145.78984558861515,-92.1714853464564,10507964419745474056443701692660817874,0.7246
rc_14_11,True,-145.88984558861515,-90.07148534645651,163212462114098950386730364785649861630,0.7296
rc_14_3,True,-145.88984558861515,-90.87148534645648,165979912390984307988080154715642240528,0.7364
rc_15_-14,True,-145.78984558861515,-92.57148534645646,84001948745916998559617399607594971630,0.7298
rc_14_6,True,-145.88984558861515,-90.57148534645646,218801230947176369278030029791444071448,0.7361
rc_15_-9,True,-145.78984558861515,-92.07148534645646,325247646046496803930741162338933270142,0.7245
rc_14_10,True,-145.88984558861515,-90.17148534645646,24075047911390253067712432505436294333,0.7297
rc_15_-7,True,-145.78984558861515,-91.87148534645645,117547554569061083496239425286687102635,0.7277
rc_15_9,True,-145.78984558861515,-90.27148534645639,31321096952419072093982541870526920306,0.7297
rc_15_1,True,-145.78984558861515,-91.07148534645648,308285124010477341585649706177428166407,0.7366
rc_15_15,True,-145.78984558861515,-89.67148534645646,128016903295867295211578632929781430408,0.7291
rc_15_13,True,-145.78984558861515,-89.87148534645645,71148367165394285980052747248017313321,0.7293
