prefix,ok,chi_1(321),chi_2(321),psi(320),hash,CC
rc_-4_-3_-1,True,-88.44378863000777,179.38143307969736,136.10060952836028,116702852891867053618297395039656925549,0.649
rc_-4_-1_-1,True,-88.44378863000777,179.58143307969692,136.10060952836028,273921575585574729818610943490766539005,0.649
rc_-4_-4_-1,True,-88.44378863000777,179.28143307969668,136.10060952836028,195561272315999961608529930079183908699,0.649
rc_-4_0_-2,True,-88.44378863000765,179.68143307969774,136.02088055248524,16027395064246217831852986111469845327,0.6458
rc_-4_-4_-2,True,-88.44378863000765,179.28143307969816,136.02088055248524,116697821959234500659100979688161242057,0.6458
rc_-4_-4_2,True,-88.44378863000765,179.2814330796977,136.33928069154308,286055806851697786045280570038646773242,0.6539
rc_-4_0_2,True,-88.44378863000765,179.6814330796989,136.33928069154308,165390744081577470179435196611007192486,0.6579
rc_-4_0_1,True,-88.44378863000786,179.68143307969774,136.2598091836395,173050657874608124118361080691306311016,0.654
rc_-4_0_-1,True,-88.44378863000777,179.68143307969774,136.10060952836028,123862524588997720369741604784134250012,0.6498
rc_-4_1_-2,True,-88.44378863000765,179.78143307969913,136.02088055248524,1923037840871208830478507693542217362,0.6467
rc_-4_-4_1,True,-88.44378863000786,179.28143307969617,136.2598091836395,283671109403613680548497625172142856911,0.6532
rc_-4_-1_0,True,-88.44378863000769,179.58143307969607,136.18025226711242,88110155849626553366329837872276277261,0.6541
rc_-4_0_0,True,-88.44378863000769,179.68143307969774,136.18025226711242,12159405892314661063985137461015799197,0.6541
rc_-4_-4_0,True,-88.44378863000769,179.2814330796972,136.18025226711242,74267979130688626534360005541360521937,0.6532
rc_-4_-2_-1,True,-88.44378863000777,179.48143307969573,136.10060952836028,101103998799098206961547537758251094797,0.649
rc_-4_-3_-2,True,-88.44378863000765,179.38143307969796,136.02088055248524,158850236225344887989283379167606375121,0.6458
rc_-4_-3_1,True,-88.44378863000786,179.38143307969796,136.2598091836395,258768617922648492842163966312299460871,0.6541
rc_-4_-3_2,True,-88.44378863000765,179.38143307969736,136.33928069154308,270544819216819266738863102331423493223,0.6548
rc_-4_-2_0,True,-88.44378863000769,179.4814330796971,136.18025226711242,16561422101272160367533430204735107301,0.6532
rc_-4_1_0,True,-88.44378863000769,179.78143307969745,136.18025226711242,288137268172044657764179989554376442884,0.6541
rc_-4_-3_0,True,-88.44378863000769,179.38143307969676,136.18025226711242,447301476545637727027209883145961242,0.6532
rc_-4_-1_-2,True,-88.44378863000765,179.5814330796978,136.02088055248524,14971778428111095334118936308810289960,0.6458
rc_-4_-2_-2,True,-88.44378863000765,179.48143307969855,136.02088055248524,152247440758506758730523585964853389509,0.6458
rc_-4_1_-1,True,-88.44378863000777,179.78143307969574,136.10060952836028,149650941785326144554361176536892464585,0.6499
rc_-4_-2_2,True,-88.44378863000765,179.48143307969784,136.33928069154308,164073620926468583088409800262741765653,0.6548
rc_-4_-1_1,True,-88.44378863000786,179.58143307969692,136.2598091836395,239446355646747974532311254681149729192,0.654
rc_-4_-1_2,True,-88.44378863000765,179.5814330796978,136.33928069154308,314379981638359098441807844232244457467,0.6548
rc_-4_-2_1,True,-88.44378863000786,179.48143307969784,136.2598091836395,142059289449610918600863457807772115963,0.6541
rc_-4_1_1,True,-88.44378863000786,179.78143307969574,136.2598091836395,93344497488059260394019997640902138025,0.654
rc_-4_1_2,True,-88.44378863000765,179.78143307969745,136.33928069154308,48509761277298823759492495289146656982,0.6579
rc_-4_2_-2,True,-88.44378863000765,179.88143307970125,136.02088055248524,197299162039572085095869045154405632994,0.6467
rc_-4_2_-1,True,-88.44378863000777,179.8814330796951,136.10060952836028,86542201501026516876261306755905434919,0.6499
rc_-4_4_-2,True,-88.44378863000765,-179.91856692031135,136.02088055248524,132528651592722964335259371469148906893,0.6466
rc_-4_3_0,True,-88.44378863000769,179.98143307965762,136.18025226711242,232446145761201847334982406832710150875,0.6541
rc_-3_-4_1,True,-88.34378863000782,179.2814330796972,136.2598091836395,144600149054696092849896070434419745102,0.6548
rc_-4_2_1,True,-88.44378863000786,179.88143307969818,136.2598091836395,118135412233914554010068303741007022930,0.654
rc_-4_2_0,True,-88.44378863000769,179.88143307969818,136.18025226711242,29950464002499402095092651458607759507,0.6541
rc_-4_4_1,True,-88.44378863000786,-179.91856692030245,136.2598091836395,307788234154336191900188717073772537492,0.654
rc_-4_2_2,True,-88.44378863000765,179.88143307970432,136.33928069154308,276892813724539396241459551907509381971,0.6579
rc_-3_-4_0,True,-88.3437886300077,179.2814330796972,136.18025226711242,307319545913578871524765850536542215040,0.6541
rc_-3_-4_-1,True,-88.34378863000771,179.2814330796977,136.10060952836028,86255568589917379925502945570679477611,0.649
rc_-4_3_-1,True,-88.44378863000777,179.98143307969687,136.10060952836028,68695552217847431453185653451562612813,0.6498
rc_-4_4_2,True,-88.44378863000765,-179.91856692030692,136.33928069154308,101822015773181072863154695506778082540,0.6579
rc_-4_4_0,True,-88.44378863000769,-179.91856692030245,136.18025226711242,211625978888557806461266811140323347974,0.6541
rc_-4_3_-2,True,-88.44378863000765,179.98143307973612,136.02088055248524,263267452705335423418875446556047487764,0.6467
rc_-4_3_1,True,-88.44378863000786,179.98143307969687,136.2598091836395,162098547805366280994044718475218456967,0.654
rc_-4_3_2,True,-88.44378863000765,179.98143307969687,136.33928069154308,296662726883409334544407008088037997181,0.6579
rc_-4_4_-1,True,-88.44378863000777,-179.91856692030245,136.10060952836028,192405191513860800253426784608671907561,0.6499
rc_-3_-3_-1,True,-88.34378863000771,179.38143307969736,136.10060952836028,149805960099081589507156699546938722714,0.6499
rc_-3_-4_-2,True,-88.34378863000764,179.2814330796972,136.02088055248524,63113392642457110039661438163756310720,0.6458
rc_-3_-4_2,True,-88.3437886300077,179.28143307969617,136.33928069154308,59456446026257065266059763514755419707,0.6579
rc_-3_-3_-2,True,-88.34378863000764,179.38143307969736,136.02088055248524,72221997822784063779421355678336681760,0.6458
rc_-3_-3_0,True,-88.3437886300077,179.38143307969796,136.18025226711242,9176985909500891152183536771388817021,0.6541
rc_-3_-3_1,True,-88.34378863000782,179.38143307969736,136.2598091836395,247978321844518519285468025956520166011,0.6548
rc_-3_-3_2,True,-88.3437886300077,179.38143307969676,136.33928069154308,110674051273096095061782675567262644320,0.6579
rc_-3_-2_-1,True,-88.34378863000771,179.48143307969855,136.10060952836028,192665743977649339282714430678428205423,0.6499
rc_-3_-2_-2,True,-88.34378863000764,179.48143307969784,136.02088055248524,197264553334403966443053918902211734539,0.6458
rc_-3_-2_0,True,-88.3437886300077,179.48143307969784,136.18025226711242,279944792610879752498676013614791566281,0.6541
rc_-3_-2_2,True,-88.3437886300077,179.48143307969784,136.33928069154308,97550581893514748333661802302086337694,0.6579
rc_-3_-2_1,True,-88.34378863000782,179.48143307969784,136.2598091836395,109531528343200713707204722427831313266,0.6548
rc_-3_-1_-2,True,-88.34378863000764,179.58143307969607,136.02088055248524,190170073339515363653102538297265634347,0.6467
rc_-3_-1_-1,True,-88.34378863000771,179.58143307969866,136.10060952836028,299974065682379167760328267640201798181,0.6499
rc_-3_0_0,True,-88.3437886300077,179.6814330796989,136.18025226711242,170869715943927972962262471466731724831,0.6541
rc_-3_-1_0,True,-88.3437886300077,179.5814330796978,136.18025226711242,337425427749158409390113444988044115643,0.6541
rc_-3_2_1,True,-88.34378863000782,179.8814330796951,136.2598091836395,305793163649517853166112956983368228021,0.6547
rc_-3_1_0,True,-88.3437886300077,179.78143307970078,136.18025226711242,323175876243279693888589919166423944191,0.6541
rc_-3_0_-1,True,-88.34378863000771,179.6814330796989,136.10060952836028,264019913714419583369674247994330004842,0.6499
rc_-3_2_0,True,-88.3437886300077,179.8814330797074,136.18025226711242,145719620591915938009922903664789015780,0.6541
rc_-3_-1_1,True,-88.34378863000782,179.58143307969607,136.2598091836395,291326914269877559944364318798772319012,0.6547
rc_-3_-1_2,True,-88.3437886300077,179.58143307969692,136.33928069154308,129175576204658582130254453417216634728,0.6579
rc_-3_1_-1,True,-88.34378863000771,179.78143307970245,136.10060952836028,75389364346219588599470364229217920698,0.6499
rc_-3_1_2,True,-88.3437886300077,179.78143307969574,136.33928069154308,44709541891535543013981746547662747710,0.6579
rc_-3_0_1,True,-88.34378863000782,179.68143307969663,136.2598091836395,244891518741294042156772056744874314929,0.6547
rc_-3_0_2,True,-88.3437886300077,179.68143307969663,136.33928069154308,282577392850284862923083344285901432524,0.6579
rc_-3_2_-1,True,-88.34378863000771,179.88143307970125,136.10060952836028,94823882575837125849680779850869130618,0.6499
rc_-3_1_-2,True,-88.34378863000764,179.78143307969745,136.02088055248524,234063231779845122493102324000628178886,0.6435
rc_-3_1_1,True,-88.34378863000782,179.78143307969574,136.2598091836395,50443104687761679064572023102795869604,0.6548
rc_-3_2_-2,True,-88.34378863000764,179.8814330796951,136.02088055248524,137632853994975376927754960464047921430,0.6435
rc_-3_3_-2,True,-88.34378863000764,179.98143307969687,136.02088055248524,56973884093993231583149801351506785892,0.6435
rc_-3_2_2,True,-88.3437886300077,179.8814330796951,136.33928069154308,146644120334848519127992728469789139768,0.6579
rc_-3_3_-1,True,-88.34378863000771,179.98143307967723,136.10060952836028,9665338873040855124551837699542923953,0.6499
rc_-3_3_0,True,-88.3437886300077,179.98143307975576,136.18025226711242,294259650468892996671528829466959655450,0.6541
rc_-3_0_-2,True,-88.34378863000764,179.68143307969774,136.02088055248524,286746010525288930654775063028506020199,0.6467
rc_-3_3_2,True,-88.3437886300077,179.98143307965762,136.33928069154308,231867502704634533922430599952343036369,0.6579
rc_-2_-2_2,True,-88.24378863000761,179.48143307969642,136.33928069154308,190495123019162268739564201058751323748,0.6557
rc_-3_4_1,True,-88.34378863000782,-179.91856692030245,136.2598091836395,92780254298772721996177697372643791587,0.6547
rc_-2_-4_-1,True,-88.24378863000774,179.2814330796972,136.10060952836028,303615566215632844619165799564315347776,0.6522
rc_-2_-4_0,True,-88.24378863000766,179.28143307969668,136.18025226711242,171344662887747501750355170898297495047,0.6541
rc_-2_-3_0,True,-88.24378863000766,179.38143307969676,136.18025226711242,200657171140155950320349646108688721340,0.6541
rc_-3_4_-1,True,-88.34378863000771,-179.91856692030692,136.10060952836028,206325694803960699635961459146360425059,0.6499
rc_-2_-3_-1,True,-88.24378863000774,179.3814330796956,136.10060952836028,3347606389686420814381202824025930713,0.6522
rc_-3_4_-2,True,-88.34378863000764,-179.91856692030692,136.02088055248524,155880443396943598626386890827812357693,0.6435
rc_-2_-2_0,True,-88.24378863000766,179.4814330796971,136.18025226711242,9894538692175644605172261679593423606,0.6541
rc_-2_-4_1,True,-88.24378863000784,179.2814330796972,136.2598091836395,330768569724203027490168005695446194536,0.6548
rc_-3_3_1,True,-88.34378863000782,179.98143307967723,136.2598091836395,207650939302150760145863509110499148099,0.6547
rc_-2_-4_-2,True,-88.24378863000766,179.2814330796977,136.02088055248524,235663229800567041544665613637501264766,0.6482
rc_-3_4_2,True,-88.3437886300077,-179.91856692030245,136.33928069154308,197077434337439358920853668242007072921,0.6579
rc_-2_0_0,True,-88.24378863000766,179.68143307969774,136.18025226711242,223494441677427960097734827169716943836,0.6541
rc_-2_-3_1,True,-88.24378863000784,179.38143307969796,136.2598091836395,119625019733650556889720274241312132571,0.6548
rc_-2_-4_2,True,-88.24378863000761,179.28143307969617,136.33928069154308,88996568719391648827703086913769570014,0.6557
rc_-3_4_0,True,-88.3437886300077,-179.91856692031135,136.18025226711242,284626205394259108625689028336545945823,0.6541
rc_-2_-1_1,True,-88.24378863000784,179.5814330796978,136.2598091836395,226368336054688476520541112189745319353,0.658
rc_-2_-2_-1,True,-88.24378863000774,179.48143307969642,136.10060952836028,70054284509078770270198102347164706695,0.6522
rc_-2_-1_-1,True,-88.24378863000774,179.58143307969607,136.10060952836028,331548711669533884230736020535019727823,0.6522
rc_-2_-1_2,True,-88.24378863000761,179.58143307969607,136.33928069154308,89415372339339561419316168557519361382,0.6557
rc_-2_0_-2,True,-88.24378863000766,179.68143307969774,136.02088055248524,15886764411781829047400604654604780831,0.6435
rc_-2_-1_0,True,-88.24378863000766,179.58143307969692,136.18025226711242,115434716585498951236795302858524984594,0.6541
rc_-2_-1_-2,True,-88.24378863000766,179.58143307969607,136.02088055248524,16210768558705465710611836930506119159,0.6435
rc_-2_-2_1,True,-88.24378863000784,179.48143307969784,136.2598091836395,7140981454237986634854342315766192125,0.6579
rc_-2_-3_-2,True,-88.24378863000766,179.38143307969676,136.02088055248524,49991068973486555024505115178606455584,0.6482
rc_-2_-3_2,True,-88.24378863000761,179.38143307969676,136.33928069154308,210153400308144088055759529740430420967,0.6557
rc_-2_0_-1,True,-88.24378863000774,179.68143307969663,136.10060952836028,123977386868621517703387286958828233913,0.6522
rc_-2_0_1,True,-88.24378863000784,179.68143307969774,136.2598091836395,85475222478305691709913039467025057440,0.658
rc_-2_-2_-2,True,-88.24378863000766,179.48143307969642,136.02088055248524,309866797564404602863155418199110988109,0.645
rc_-2_0_2,True,-88.24378863000761,179.6814330796989,136.33928069154308,188852239829185752340651116071021749649,0.6557
rc_-2_1_-2,True,-88.24378863000766,179.78143307969913,136.02088055248524,27253181750422877129762318154669849031,0.6435
rc_-2_1_2,True,-88.24378863000761,179.78143307969242,136.33928069154308,168621618622645275205788887583489976331,0.6557
rc_-2_1_1,True,-88.24378863000784,179.78143307969745,136.2598091836395,50905389632487111411358722703745594690,0.6579
rc_-2_1_0,True,-88.24378863000766,179.78143307969913,136.18025226711242,210073714530608256363057492558595322218,0.6541
rc_-2_1_-1,True,-88.24378863000774,179.78143307969745,136.10060952836028,33874969351759287626410084943267915163,0.6522
rc_-2_2_-2,True,-88.24378863000766,179.88143307969202,136.02088055248524,317242153932675830332478854684348030402,0.6435
rc_-2_3_1,True,-88.24378863000784,179.98143307969687,136.2598091836395,303457607493450790635594632196511065475,0.6579
rc_-2_2_1,True,-88.24378863000784,179.88143307969818,136.2598091836395,24055397766125223184516088901037526740,0.6579
rc_-2_3_-1,True,-88.24378863000774,179.98143307967723,136.10060952836028,170791461648536329404434367154758341144,0.649
rc_-2_2_2,True,-88.24378863000761,179.8814330796951,136.33928069154308,151751142157175664979671687908530628895,0.6557
rc_-2_3_-2,True,-88.24378863000766,179.98143307969687,136.02088055248524,74509319749425720334485027694399547145,0.6435
rc_-2_2_-1,True,-88.24378863000774,179.88143307969202,136.10060952836028,89487821380932574377196925140483224051,0.6522
rc_-2_2_0,True,-88.24378863000766,179.8814330796951,136.18025226711242,60441992247140029308856335918503224774,0.6541
rc_-2_4_-1,True,-88.24378863000774,-179.91856692030245,136.10060952836028,36739604672395709982676878933506617144,0.6489
rc_-2_3_0,True,-88.24378863000766,179.98143307967723,136.18025226711242,107485476879863661023885663296135376975,0.6541
rc_-2_4_-2,True,-88.24378863000766,-179.91856692029796,136.02088055248524,215392331730344519195987863811501789584,0.6434
rc_-2_4_0,True,-88.24378863000766,-179.91856692030692,136.18025226711242,89496820580504561268195763268960864983,0.6541
rc_-2_3_2,True,-88.24378863000761,179.98143307969687,136.33928069154308,274568760109974629765555579119864232971,0.6553
rc_-2_4_1,True,-88.24378863000784,-179.91856692031135,136.2598091836395,236430700296301167940253344702273860067,0.6579
rc_-2_4_2,True,-88.24378863000761,-179.91856692029796,136.33928069154308,251625916383392310295966531527395875324,0.6553
rc_-1_-3_-2,True,-88.14378863000768,179.38143307969736,136.02088055248524,199071306994942482314971355319248427147,0.645
rc_-1_-4_-1,True,-88.14378863000772,179.28143307969617,136.10060952836028,250749726433476207911139373103378821156,0.6522
rc_-1_-4_0,True,-88.14378863000766,179.2814330796977,136.18025226711242,24285480804367863608520717170363376559,0.6548
rc_-1_-4_2,True,-88.14378863000759,179.2814330796972,136.33928069154308,187196827657567116545682359403393168053,0.6558
rc_-1_-4_-2,True,-88.14378863000768,179.28143307969617,136.02088055248524,36501182881235990998836590726703619367,0.645
rc_-1_-4_1,True,-88.1437886300078,179.2814330796972,136.2598091836395,293441059965060496070491185815604265996,0.658
rc_-1_-3_-1,True,-88.14378863000772,179.38143307969676,136.10060952836028,227882738119540697933549821996284683450,0.6522
rc_-1_-3_0,True,-88.14378863000766,179.38143307969736,136.18025226711242,238565638001230069612023900522360501353,0.6548
rc_-1_-3_1,True,-88.1437886300078,179.38143307969676,136.2598091836395,255698859000675420337106005449587746865,0.658
rc_-1_-3_2,True,-88.14378863000759,179.38143307969676,136.33928069154308,274099217670956829014381720555610769196,0.6558
rc_-1_-2_1,True,-88.1437886300078,179.48143307969784,136.2598091836395,238827391095545745676633680833410107624,0.658
rc_-1_-2_0,True,-88.14378863000766,179.48143307969784,136.18025226711242,173911607152690784309610991070930189862,0.6548
rc_-1_-2_-2,True,-88.14378863000768,179.48143307969642,136.02088055248524,261955126660017978012479806290029528172,0.645
rc_-1_-2_-1,True,-88.14378863000772,179.4814330796971,136.10060952836028,270560072181527315240004149869893021019,0.6522
rc_-1_0_-2,True,-88.14378863000768,179.68143307969547,136.02088055248524,262708369769255351583567941272263728769,0.6435
rc_-1_-2_2,True,-88.14378863000759,179.48143307969642,136.33928069154308,90943327574898192026444256484790461065,0.6558
rc_-1_-1_-2,True,-88.14378863000768,179.5814330796952,136.02088055248524,177731628044524014141663252311669880481,0.645
rc_-1_-1_1,True,-88.1437886300078,179.5814330796978,136.2598091836395,180684019777968502172344434156120789809,0.6557
rc_-1_0_2,True,-88.14378863000759,179.68143307969774,136.33928069154308,224218185199138737028647200460577369635,0.6558
rc_-1_-1_0,True,-88.14378863000766,179.5814330796978,136.18025226711242,51672506331945040734082641810004528081,0.6548
rc_-1_-1_-1,True,-88.14378863000772,179.58143307969692,136.10060952836028,203904191079936694913677787975639217923,0.6522
rc_-1_-1_2,True,-88.14378863000759,179.58143307969692,136.33928069154308,119170765586282015840672570402141751274,0.6557
rc_-1_1_0,True,-88.14378863000766,179.78143307969745,136.18025226711242,43649462959526566586716059475821618630,0.6548
rc_-1_2_-1,True,-88.14378863000772,179.8814330796951,136.10060952836028,14315763048514031859861013971358789280,0.649
rc_-1_0_0,True,-88.14378863000766,179.68143307969663,136.18025226711242,95829752354223356890113529222740264916,0.6548
rc_-1_0_-1,True,-88.14378863000772,179.68143307969663,136.10060952836028,107636580425128614043635992258135615097,0.649
rc_-1_0_1,True,-88.1437886300078,179.68143307969774,136.2598091836395,52647293119586177802738993721725680418,0.6579
rc_-1_1_1,True,-88.1437886300078,179.78143307969745,136.2598091836395,14818759658285455852719099107261508247,0.6579
rc_-1_1_-1,True,-88.14378863000772,179.78143307969574,136.10060952836028,76987919058413493001134322565104462264,0.649
rc_-1_1_2,True,-88.14378863000759,179.78143307969913,136.33928069154308,314090965630033860474703613935295562729,0.6553
rc_-1_2_-2,True,-88.14378863000768,179.88143307969202,136.02088055248524,174584709428845109547999269968083778247,0.6435
rc_-1_2_0,True,-88.14378863000766,179.88143307969818,136.18025226711242,250219026787972390053070844672159580715,0.6548
rc_-1_2_2,True,-88.14378863000759,179.88143307969818,136.33928069154308,6494650777759243760556494079002649651,0.6553
rc_-1_2_1,True,-88.1437886300078,179.88143307969818,136.2598091836395,130593596918088766514217057811058297158,0.6557
rc_-1_1_-2,True,-88.14378863000768,179.78143307969574,136.02088055248524,214533184817179273066572988617022509808,0.6435
rc_-1_3_-2,True,-88.14378863000768,179.98143307969687,136.02088055248524,75990524834054383721372827437682759281,0.6435
rc_-1_3_1,True,-88.1437886300078,179.98143307969687,136.2598091836395,181584450164543807658170334825984876992,0.6579
rc_-1_4_2,True,-88.14378863000759,-179.91856692030245,136.33928069154308,171055653699715690618330109957324259941,0.6553
rc_0_-4_0,True,-88.04378863000764,179.28143307969668,136.18025226711242,321624379650706044495530706345463801453,0.6549
rc_-1_3_-1,True,-88.14378863000772,179.98143307967723,136.10060952836028,156713222624673722587595620826320123004,0.6489
rc_-1_4_-2,True,-88.14378863000768,-179.91856692030245,136.02088055248524,312037441343106159977382819923621471003,0.6435
rc_-1_3_2,True,-88.14378863000759,179.98143307969687,136.33928069154308,850669861380399290273720980277084551,0.6553
rc_-1_3_0,True,-88.14378863000766,179.98143307969687,136.18025226711242,31401425648110220647297403669884915640,0.6548
rc_-1_4_-1,True,-88.14378863000772,-179.91856692029796,136.10060952836028,17409502944460195737358983586616235939,0.6489
rc_-1_4_1,True,-88.1437886300078,-179.91856692030692,136.2598091836395,93608466664753412897824007344274862707,0.6557
rc_0_-4_-1,True,-88.04378863000775,179.28143307969668,136.10060952836028,288907113261620518553874223712865863070,0.6522
rc_-1_4_0,True,-88.14378863000766,-179.91856692029347,136.18025226711242,147583561711453098351959549038182969333,0.6548
rc_0_-4_1,True,-88.04378863000787,179.2814330796972,136.2598091836395,207923161400353512446580152228803423224,0.6558
rc_0_-4_-2,True,-88.04378863000763,179.2814330796972,136.02088055248524,54983216145041871344634772425952456117,0.6473
rc_0_-3_-1,True,-88.04378863000775,179.38143307969676,136.10060952836028,104336756313265253365037845464650836700,0.649
rc_0_-3_-2,True,-88.04378863000763,179.38143307969736,136.02088055248524,37035269302203471052060930085312609524,0.6473
rc_0_-3_0,True,-88.04378863000764,179.38143307969676,136.18025226711242,170888908398107689326393560361874806580,0.6549
rc_0_-1_-2,True,-88.04378863000763,179.5814330796978,136.02088055248524,143040819809766934350271001899830397842,0.6473
rc_0_-4_2,True,-88.0437886300076,179.28143307969668,136.33928069154308,103982129098502266511238451948361827051,0.6558
rc_0_-3_1,True,-88.04378863000787,179.38143307969617,136.2598091836395,237364867459739870599008749257435711369,0.6558
rc_0_-2_0,True,-88.04378863000764,179.48143307969642,136.18025226711242,231755636950072663288490242522910505571,0.658
rc_0_-2_-1,True,-88.04378863000775,179.4814330796971,136.10060952836028,173847033302906142443470855741980038313,0.649
rc_0_-2_-2,True,-88.04378863000763,179.4814330796971,136.02088055248524,7540437620612427123006095724370944187,0.6473
rc_0_-3_2,True,-88.0437886300076,179.38143307969676,136.33928069154308,233465901754510099491147831386070277793,0.6558
rc_0_-2_2,True,-88.0437886300076,179.4814330796971,136.33928069154308,139260172057320873858884367035999652310,0.6558
rc_0_-2_1,True,-88.04378863000787,179.48143307969642,136.2598091836395,313442917156390940674194056437626484024,0.6558
rc_0_-1_-1,True,-88.04378863000775,179.58143307969692,136.10060952836028,194885096640982308804494119691798821378,0.649
rc_0_-1_0,True,-88.04378863000764,179.58143307969692,136.18025226711242,261479886646631544279563616022976937627,0.658
rc_0_-1_1,True,-88.04378863000787,179.58143307969607,136.2598091836395,6113471649813658591473356252200478201,0.6558
rc_0_-1_2,True,-88.0437886300076,179.58143307969692,136.33928069154308,137468991025899764170887104574048025938,0.6553
rc_0_0_0,True,-88.04378863000764,179.68143307969774,136.18025226711242,174669867270083189435809173696089759388,0.658
rc_0_0_-2,True,-88.04378863000763,179.68143307969774,136.02088055248524,258837225213973842968345637312884447172,0.6472
rc_0_1_-1,True,-88.04378863000775,179.78143307969745,136.10060952836028,140469262507159544226462484854412030285,0.649
rc_0_1_2,True,-88.0437886300076,179.78143307969745,136.33928069154308,157914388905112456259081183397408221638,0.6554
rc_0_0_-1,True,-88.04378863000775,179.68143307969663,136.10060952836028,331891460370164064842140985657744153642,0.649
rc_0_0_1,True,-88.04378863000787,179.68143307969663,136.2598091836395,238640257730530966947655892146341300296,0.6558
rc_0_1_-2,True,-88.04378863000763,179.78143307969913,136.02088055248524,286772174105594033564998577745080119348,0.6473
rc_0_0_2,True,-88.0437886300076,179.68143307969774,136.33928069154308,109023874285789819190288326429432810626,0.6554
rc_0_2_1,True,-88.04378863000787,179.88143307969202,136.2598091836395,102203658827871874397904985532684131166,0.6558
rc_0_1_0,True,-88.04378863000764,179.78143307969574,136.18025226711242,205733440021698238624360752491534635086,0.658
rc_0_2_-2,True,-88.04378863000763,179.88143307970125,136.02088055248524,309653860175799765181505451146251645603,0.6458
rc_0_2_0,True,-88.04378863000764,179.88143307969818,136.18025226711242,171238050709234292074729740065054225165,0.658
rc_0_1_1,True,-88.04378863000787,179.78143307969913,136.2598091836395,246803412377022344618509422022478352780,0.6558
rc_0_3_-1,True,-88.04378863000775,179.98143307967723,136.10060952836028,142571514793626086865452249639540891862,0.6489
rc_0_2_2,True,-88.0437886300076,179.88143307969818,136.33928069154308,248550757065937947817378846495911862597,0.6553
rc_0_3_0,True,-88.04378863000764,179.98143307969687,136.18025226711242,68300194948507912343740414457841824848,0.6579
rc_0_3_-2,True,-88.04378863000763,179.98143307973612,136.02088055248524,245298654090646881986308702743464753452,0.6458
rc_0_3_2,True,-88.0437886300076,179.98143307969687,136.33928069154308,163794001798315257745330475760578179072,0.6553
rc_0_4_-1,True,-88.04378863000775,-179.91856692030692,136.10060952836028,278143587279934487248827841363274881285,0.6489
rc_0_3_1,True,-88.04378863000787,179.98143307967723,136.2598091836395,260074050620735116095934044865505352858,0.6553
rc_0_4_1,True,-88.04378863000787,-179.91856692030245,136.2598091836395,261632448004851368205996757795571271942,0.6553
rc_0_4_2,True,-88.0437886300076,-179.91856692030245,136.33928069154308,167785720665997564754192159103753427152,0.6553
rc_0_4_0,True,-88.04378863000764,-179.91856692029796,136.18025226711242,122234086095772814873625154049972844921,0.6579
rc_1_-4_-2,True,-87.94378863000762,179.28143307969566,136.02088055248524,266558784715064251666615626866833704391,0.6473
rc_0_2_-1,True,-88.04378863000775,179.8814330796951,136.10060952836028,285365024358490941492589129751896704540,0.6489
rc_1_-3_0,True,-87.94378863000765,179.38143307969796,136.18025226711242,8755504586294683652563652878438440666,0.6558
rc_0_4_-2,True,-88.04378863000763,-179.91856692030692,136.02088055248524,85181155835530352704017639281991206121,0.6458
rc_1_-3_1,True,-87.94378863000779,179.38143307969736,136.2598091836395,156520862733700070769497176970976685125,0.6558
rc_1_-1_-1,True,-87.94378863000772,179.58143307969607,136.10060952836028,195307410126748279803197894720834387374,0.6497
rc_1_-3_2,True,-87.94378863000763,179.38143307969676,136.33928069154308,285931950172715681502135682614239478376,0.6554
rc_1_-2_2,True,-87.94378863000763,179.48143307969642,136.33928069154308,45978711470634856900125067842293213592,0.6554
rc_1_-4_-1,True,-87.94378863000772,179.2814330796972,136.10060952836028,62989211898028145389803712981669287264,0.6497
rc_1_-4_0,True,-87.94378863000765,179.2814330796972,136.18025226711242,65372525144178513602254370389575556619,0.6558
rc_1_-4_1,True,-87.94378863000779,179.2814330796977,136.2598091836395,60218117380763584124293037430303294104,0.6558
rc_1_1_-1,True,-87.94378863000772,179.78143307969745,136.10060952836028,253397811266673303584500265601305706223,0.6497
rc_1_-4_2,True,-87.94378863000763,179.2814330796972,136.33928069154308,280147120137113843093755109322433902703,0.6559
rc_1_-2_1,True,-87.94378863000779,179.48143307969784,136.2598091836395,146426628657631058037461383367299796842,0.6558
rc_1_-3_-1,True,-87.94378863000772,179.38143307969736,136.10060952836028,152055328263637398397330941142652179529,0.6497
rc_1_-1_0,True,-87.94378863000765,179.58143307969692,136.18025226711242,27322550330089480939721715849119794325,0.6558
rc_1_-2_-2,True,-87.94378863000762,179.48143307969573,136.02088055248524,27088073776775878938104700636291253252,0.6473
rc_1_-3_-2,True,-87.94378863000762,179.38143307969617,136.02088055248524,73803705641790424627079150178314584479,0.6473
rc_1_1_0,True,-87.94378863000765,179.78143307969913,136.18025226711242,22347467364486436095862463972870456275,0.6557
rc_1_-2_-1,True,-87.94378863000772,179.48143307969784,136.10060952836028,261803077251813605163209506632406857107,0.6497
rc_1_-1_-2,True,-87.94378863000762,179.5814330796952,136.02088055248524,110168397416126921307182817752525532938,0.6473
rc_1_-1_1,True,-87.94378863000779,179.5814330796952,136.2598091836395,95955888827101009779867963003886038357,0.6558
rc_1_-2_0,True,-87.94378863000765,179.48143307969855,136.18025226711242,311964798089188342669161807543583965133,0.6558
rc_1_1_1,True,-87.94378863000779,179.78143307969913,136.2598091836395,309669168589553550526375186715868948584,0.6554
rc_1_0_-2,True,-87.94378863000762,179.68143307969663,136.02088055248524,49335169788577180958854675328999580483,0.6473
rc_1_-1_2,True,-87.94378863000763,179.5814330796978,136.33928069154308,262172220801157055252043803737931215960,0.6554
rc_1_0_0,True,-87.94378863000765,179.68143307969774,136.18025226711242,139753220235787626106348223217552634419,0.6558
rc_1_0_2,True,-87.94378863000763,179.6814330796989,136.33928069154308,20311335389239612489220568457020654132,0.6554
rc_1_1_-2,True,-87.94378863000762,179.78143307969574,136.02088055248524,152083807524461296551347732614789972952,0.6473
rc_1_2_-1,True,-87.94378863000772,179.8814330796951,136.10060952836028,103744185161990808640778793409504419472,0.6497
rc_1_0_-1,True,-87.94378863000772,179.68143307969547,136.10060952836028,139142520398712823110925003547058595743,0.6497
rc_1_0_1,True,-87.94378863000779,179.68143307969774,136.2598091836395,271226852549958196508734718638627445243,0.6558
rc_1_1_2,True,-87.94378863000763,179.78143307969913,136.33928069154308,308393414808066044164534372122738652988,0.6554
rc_1_2_-2,True,-87.94378863000762,179.88143307968895,136.02088055248524,329309834377595495389305794850264098211,0.6473
rc_1_2_0,True,-87.94378863000765,179.88143307969818,136.18025226711242,339069030522118975015783447200605305653,0.6558
rc_1_2_2,True,-87.94378863000763,179.88143307969818,136.33928069154308,86768798447030201626688511923018467812,0.6554
rc_1_2_1,True,-87.94378863000779,179.88143307970125,136.2598091836395,336659775693233987147909399743190219532,0.6554
rc_1_3_0,True,-87.94378863000765,179.98143307973612,136.18025226711242,306432062643982768953319891890519491750,0.6558
rc_1_3_-2,True,-87.94378863000762,179.98143307965762,136.02088055248524,266865459559411538466092298971880334092,0.6458
rc_1_3_-1,True,-87.94378863000772,179.98143307969687,136.10060952836028,252267292356069556351721814348993451332,0.6497
rc_1_3_2,True,-87.94378863000763,179.98143307973612,136.33928069154308,302797078637270715114726369693531954591,0.652
rc_1_3_1,True,-87.94378863000779,179.98143307969687,136.2598091836395,178238386253281592067505123398242377301,0.6554
rc_1_4_-2,True,-87.94378863000762,-179.91856692029347,136.02088055248524,113848112441019397941744524212072460510,0.6458
rc_1_4_2,True,-87.94378863000763,-179.91856692030245,136.33928069154308,183216966151729238152585338479936177343,0.652
rc_1_4_-1,True,-87.94378863000772,-179.91856692030692,136.10060952836028,191329238199345995031530154004769612243,0.6497
rc_1_4_1,True,-87.94378863000779,-179.91856692030692,136.2598091836395,311191708214684905664621740871077263656,0.6554
rc_1_4_0,True,-87.94378863000765,-179.91856692030692,136.18025226711242,339143246743468407878130596412844136101,0.6558
rc_2_-4_-2,True,-87.84378863000765,179.2814330796972,136.02088055248524,211375924538201016866182351527048764152,0.6473
rc_2_-4_-1,True,-87.84378863000771,179.2814330796972,136.10060952836028,136961544501271653470130696531364383905,0.6507
rc_2_-4_0,True,-87.84378863000767,179.2814330796972,136.18025226711242,175150946330430419777124646628280713285,0.6559
rc_2_-4_1,True,-87.84378863000786,179.2814330796977,136.2598091836395,34253932982290422236765498129488315116,0.6559
rc_2_-3_-2,True,-87.84378863000765,179.38143307969736,136.02088055248524,12637731740768779687434626671650559824,0.6473
rc_2_-4_2,True,-87.84378863000764,179.2814330796977,136.33928069154308,287686003705528084211721950921852131974,0.6554
rc_2_-3_0,True,-87.84378863000767,179.38143307969796,136.18025226711242,215848916271551656631083371238955686615,0.6558
rc_2_-3_1,True,-87.84378863000786,179.38143307969736,136.2598091836395,28444359836327368177570868907918519303,0.6559
rc_2_-3_-1,True,-87.84378863000771,179.38143307969796,136.10060952836028,161488153530618530908631508258734192942,0.6507
rc_2_-2_2,True,-87.84378863000764,179.4814330796971,136.33928069154308,55617529178346062959826483727442800243,0.6554
rc_2_-2_-2,True,-87.84378863000765,179.48143307969784,136.02088055248524,133021009333578946013987113968365124392,0.6473
rc_2_-2_-1,True,-87.84378863000771,179.48143307969784,136.10060952836028,6302166718393765455620749612261165690,0.6507
rc_2_-2_1,True,-87.84378863000786,179.48143307969784,136.2598091836395,285091373417592050434972908476621239373,0.6558
rc_2_-1_0,True,-87.84378863000767,179.5814330796978,136.18025226711242,59007741026352176047257702119680764385,0.6558
rc_2_-3_2,True,-87.84378863000764,179.38143307969736,136.33928069154308,68380850005705706109144955321714062715,0.6554
rc_2_-2_0,True,-87.84378863000767,179.48143307969784,136.18025226711242,311214395901841398098462707989764365566,0.6558
rc_2_-1_-2,True,-87.84378863000765,179.5814330796978,136.02088055248524,176022174090396001968433862882454156785,0.6473
rc_2_-1_1,True,-87.84378863000786,179.58143307969866,136.2598091836395,185133139235956703928803423659184436078,0.6554
rc_2_-1_-1,True,-87.84378863000771,179.58143307969692,136.10060952836028,239965631219719947151474152886887383815,0.6507
rc_2_0_-2,True,-87.84378863000765,179.6814330796989,136.02088055248524,69705005098653754658617087688781751228,0.6473
rc_2_-1_2,True,-87.84378863000764,179.5814330796978,136.33928069154308,104607777607779869895094501468624458047,0.6554
rc_2_0_-1,True,-87.84378863000771,179.68143307969774,136.10060952836028,245926154870992547508917984934016909337,0.6507
rc_2_1_-2,True,-87.84378863000765,179.78143307969913,136.02088055248524,161445373390366772874228306188840026136,0.6473
rc_2_0_0,True,-87.84378863000767,179.6814330796989,136.18025226711242,113103679604276320035709688563003308375,0.6558
rc_2_0_2,True,-87.84378863000764,179.6814330796989,136.33928069154308,165611849900001908893674164524011395840,0.6554
rc_2_0_1,True,-87.84378863000786,179.68143307969774,136.2598091836395,238722908450631857136975364431951897038,0.6554
rc_2_1_0,True,-87.84378863000767,179.78143307969913,136.18025226711242,79407330953685116253238966810507121860,0.6558
rc_2_1_1,True,-87.84378863000786,179.78143307969745,136.2598091836395,185491672713197317252540694090756423675,0.6554
rc_2_1_-1,True,-87.84378863000771,179.78143307969913,136.10060952836028,295966861132310269931355370389608884070,0.6507
rc_2_2_0,True,-87.84378863000767,179.88143307969818,136.18025226711242,246418182306587759366438544116406536264,0.6558
rc_2_2_-2,True,-87.84378863000765,179.8814330796951,136.02088055248524,298946170717474294292285756517246876619,0.6473
rc_2_1_2,True,-87.84378863000764,179.78143307970078,136.33928069154308,109920448278074081005303468592609020179,0.652
rc_2_4_2,True,-87.84378863000764,-179.91856692031135,136.33928069154308,306192801965383017508313105913985237556,0.652
rc_2_4_-2,True,-87.84378863000765,-179.91856692030245,136.02088055248524,179681178859817280681048583403140975684,0.6473
rc_2_2_1,True,-87.84378863000786,179.88143307970125,136.2598091836395,247856671597538113654764210362283258909,0.6554
rc_2_3_1,True,-87.84378863000786,179.98143307973612,136.2598091836395,75826243991361867531817795901910187634,0.6554
rc_2_2_-1,True,-87.84378863000771,179.88143307970432,136.10060952836028,333331382020120364091200984970090676481,0.6506
rc_2_3_0,True,-87.84378863000767,179.98143307973612,136.18025226711242,155463726806417294833445559955123894504,0.6554
rc_2_2_2,True,-87.84378863000764,179.8814330796951,136.33928069154308,65213318218817077666880534652252062106,0.652
rc_2_4_-1,True,-87.84378863000771,-179.91856692031135,136.10060952836028,162339896823723887532608498702439973969,0.6506
rc_2_3_-2,True,-87.84378863000765,179.98143307969687,136.02088055248524,302426718052420360480591595555411821247,0.6473
rc_2_3_2,True,-87.84378863000764,179.98143307973612,136.33928069154308,339682237408691276429894623428515387801,0.652
rc_2_3_-1,True,-87.84378863000771,179.98143307969687,136.10060952836028,307286678562815741354791878749354510316,0.6506
rc_2_4_0,True,-87.84378863000767,-179.91856692030692,136.18025226711242,104027196268536839608197904494762305197,0.6554
rc_2_4_1,True,-87.84378863000786,-179.91856692031135,136.2598091836395,133955634930629600043064349031043727229,0.6554
rc_3_-4_0,True,-87.7437886300077,179.28143307969668,136.18025226711242,65052193306259267323117228646404680404,0.6559
rc_3_-4_-1,True,-87.74378863000771,179.2814330796977,136.10060952836028,7790994793598608395613591592103598634,0.6559
rc_3_-4_-2,True,-87.7437886300077,179.2814330796972,136.02088055248524,243907193651328418537893217174833602464,0.648
rc_3_-4_1,True,-87.74378863000783,179.28143307969668,136.2598091836395,246969752345222600222823398953260321796,0.6559
rc_3_-4_2,True,-87.74378863000764,179.2814330796977,136.33928069154308,55023483258606191947537532251043409554,0.6555
rc_3_-3_-2,True,-87.7437886300077,179.38143307969676,136.02088055248524,92751433327005307019538307230012501573,0.648
rc_3_-2_-1,True,-87.74378863000771,179.48143307969784,136.10060952836028,157256378737974037411567758415232690046,0.6507
rc_3_-3_0,True,-87.7437886300077,179.38143307969736,136.18025226711242,198107696670439988962130172088317136930,0.6559
rc_3_-3_-1,True,-87.74378863000771,179.38143307969736,136.10060952836028,242858874490530841203923822258013402776,0.6507
rc_3_-2_0,True,-87.7437886300077,179.4814330796971,136.18025226711242,154327297483697166834983911964615563858,0.6559
rc_3_-2_-2,True,-87.7437886300077,179.48143307969642,136.02088055248524,211985472675296849545590575079501600284,0.648
rc_3_-3_2,True,-87.74378863000764,179.38143307969796,136.33928069154308,153735925418357388624127025052024268620,0.6555
rc_3_-3_1,True,-87.74378863000783,179.38143307969796,136.2598091836395,152474348257525784917673200970965801914,0.6555
rc_3_-1_-1,True,-87.74378863000771,179.5814330796978,136.10060952836028,36410153948608181836649256836708222423,0.6507
rc_3_-2_1,True,-87.74378863000783,179.48143307969784,136.2598091836395,330569400533540533005331956311369433198,0.6554
rc_3_-1_-2,True,-87.7437886300077,179.58143307969607,136.02088055248524,63609154518030491618184927631861616988,0.648
rc_3_-2_2,True,-87.74378863000764,179.4814330796971,136.33928069154308,35794377432169690372014675306264411775,0.6555
rc_3_-1_0,True,-87.7437886300077,179.58143307969866,136.18025226711242,203355073455990993177977803141819009378,0.6559
rc_3_0_-2,True,-87.7437886300077,179.68143307969663,136.02088055248524,270098031866774745955750278978394279887,0.648
rc_3_-1_2,True,-87.74378863000764,179.58143307969692,136.33928069154308,6530761839248948029372514492145494297,0.6521
rc_3_1_-1,True,-87.74378863000771,179.78143307970078,136.10060952836028,1427468688617561755664928008792550801,0.6507
rc_3_0_1,True,-87.74378863000783,179.68143307969547,136.2598091836395,317772964043882721105609439011770114755,0.6554
rc_3_0_2,True,-87.74378863000764,179.68143307969663,136.33928069154308,310240721883285907139369900976011824519,0.6521
rc_3_0_-1,True,-87.74378863000771,179.68143307969774,136.10060952836028,203517504205605295817434237392067840067,0.6507
rc_3_0_0,True,-87.7437886300077,179.68143307969774,136.18025226711242,116662058054308537780125967101959476349,0.6559
rc_3_-1_1,True,-87.74378863000783,179.58143307969692,136.2598091836395,214779443368866800876423747699711480412,0.6555
rc_3_1_2,True,-87.74378863000764,179.78143307970078,136.33928069154308,292421825875640456869396024695913937525,0.6521
rc_3_1_-2,True,-87.7437886300077,179.78143307969745,136.02088055248524,337840628616992409097128914491575456239,0.6479
rc_3_1_1,True,-87.74378863000783,179.78143307969574,136.2598091836395,176305143355264059864811651858126890011,0.6554
rc_3_2_-2,True,-87.7437886300077,179.88143307970125,136.02088055248524,323966599698160960469577241397046841348,0.648
rc_3_1_0,True,-87.7437886300077,179.78143307969913,136.18025226711242,309167454383597366539434227405719560245,0.6554
rc_3_2_0,True,-87.7437886300077,179.88143307969818,136.18025226711242,42838141436742803983206992600922908834,0.6554
rc_3_2_-1,True,-87.74378863000771,179.88143307969818,136.10060952836028,91357685097590754859560459111201930149,0.6507
rc_3_2_2,True,-87.74378863000764,179.88143307970125,136.33928069154308,88124105460798536471909618570094904517,0.6521
rc_3_2_1,True,-87.74378863000783,179.88143307970125,136.2598091836395,32279826365964914372780931323854844406,0.6554
rc_3_3_0,True,-87.7437886300077,179.98143307969687,136.18025226711242,70935263678205371678792921137487531334,0.6554
rc_3_3_-1,True,-87.74378863000771,179.98143307973612,136.10060952836028,149515119792075123299706740672049282434,0.6507
rc_3_3_2,True,-87.74378863000764,179.98143307969687,136.33928069154308,201586970468043029813839718000538003266,0.652
rc_3_3_1,True,-87.74378863000783,179.98143307965762,136.2598091836395,318452362330574790968246043421098631859,0.6554
rc_3_4_0,True,-87.7437886300077,-179.91856692030692,136.18025226711242,8277425079033308733064324930932111116,0.6554
rc_3_4_-2,True,-87.7437886300077,-179.91856692030245,136.02088055248524,8061949744962873837021996611059292891,0.6511
rc_4_-4_2,True,-87.6437886300076,179.2814330796977,136.33928069154308,309961250334027056053711798801401529434,0.6522
rc_3_4_2,True,-87.74378863000764,-179.91856692030245,136.33928069154308,330105656067371505227530464758735865055,0.6521
rc_4_-4_0,True,-87.64378863000765,179.28143307969668,136.18025226711242,190245569108067193302504013167984575308,0.6559
rc_4_-4_1,True,-87.64378863000782,179.2814330796972,136.2598091836395,86369677109655502146985165135571345264,0.6555
rc_4_-3_-1,True,-87.64378863000773,179.38143307969736,136.10060952836028,85467170463724130939579087125202787128,0.6507
rc_4_-3_-2,True,-87.64378863000762,179.38143307969736,136.02088055248524,226686854859333723742681033001596131580,0.649
rc_4_-2_-2,True,-87.64378863000762,179.48143307969642,136.02088055248524,171518257001286492733063804697473659838,0.649
rc_4_-2_1,True,-87.64378863000782,179.48143307969784,136.2598091836395,137733387537313373671220578637951311932,0.6555
rc_3_3_-2,True,-87.7437886300077,179.98143307969687,136.02088055248524,237039945455264324419081862538048347860,0.6479
rc_3_4_-1,True,-87.74378863000771,-179.91856692031135,136.10060952836028,114442269846586880075265282565273835825,0.6503
rc_4_-4_-1,True,-87.64378863000773,179.28143307969668,136.10060952836028,161619481886155843547623305055955614701,0.6559
rc_4_2_0,True,-87.64378863000765,179.88143307969818,136.18025226711242,246016439277624098786645961202697548760,0.6555
rc_3_4_1,True,-87.74378863000783,-179.91856692030692,136.2598091836395,3498219872877461253357487497739228974,0.6554
rc_4_-2_-1,True,-87.64378863000773,179.48143307969784,136.10060952836028,178537903899801123050374452539178686357,0.6507
rc_4_-4_-2,True,-87.64378863000762,179.28143307969668,136.02088055248524,125946964980241810233308447414980134844,0.6458
rc_4_-3_0,True,-87.64378863000765,179.38143307969736,136.18025226711242,145074201316610205569663895931355534901,0.6559
rc_4_-3_1,True,-87.64378863000782,179.38143307969676,136.2598091836395,184151535386972796919659562354299825974,0.6555
rc_4_-1_2,True,-87.6437886300076,179.5814330796978,136.33928069154308,199543464883991698384811228857494258208,0.6522
rc_4_-3_2,True,-87.6437886300076,179.38143307969796,136.33928069154308,110370330898427205412718427013089067657,0.6521
rc_4_2_1,True,-87.64378863000782,179.88143307969818,136.2598091836395,15182101869956424753826217213276378489,0.6554
rc_4_2_2,True,-87.6437886300076,179.88143307969818,136.33928069154308,176087654840752542815990803258072192678,0.6521
rc_4_3_-2,True,-87.64378863000762,179.98143307967723,136.02088055248524,198697989513869597264746823751447177385,0.6489
rc_4_-1_0,True,-87.64378863000765,179.5814330796952,136.18025226711242,200370289436137770297510624451710080081,0.6555
rc_4_0_0,True,-87.64378863000765,179.68143307969774,136.18025226711242,283483342565222892692473700346318394956,0.6555
rc_4_-1_-1,True,-87.64378863000773,179.5814330796978,136.10060952836028,189029044850088167387952243965977038827,0.6507
rc_4_-2_0,True,-87.64378863000765,179.48143307969642,136.18025226711242,298731573743259549839245865159350234277,0.6555
rc_4_-1_-2,True,-87.64378863000762,179.58143307969692,136.02088055248524,70439057396591933523546605382091947183,0.649
rc_4_0_1,True,-87.64378863000782,179.68143307969774,136.2598091836395,311063811406964329539023464500343273098,0.6555
rc_4_-2_2,True,-87.6437886300076,179.4814330796971,136.33928069154308,154670599624556444813890910270459677997,0.6521
rc_4_0_-1,True,-87.64378863000773,179.6814330796989,136.10060952836028,223629167025159077877373583458959061732,0.6507
rc_4_-1_1,True,-87.64378863000782,179.58143307969692,136.2598091836395,206525747275323177283955733985871818909,0.6555
rc_4_3_0,True,-87.64378863000765,179.98143307967723,136.18025226711242,34302189060007687593501897728034876200,0.6555
rc_4_0_-2,True,-87.64378863000762,179.68143307969663,136.02088055248524,13843728693646442987255454668343386045,0.6489
rc_4_1_-1,True,-87.64378863000773,179.78143307969913,136.10060952836028,103051720557709615656635524322214256209,0.6507
rc_4_1_-2,True,-87.64378863000762,179.78143307969745,136.02088055248524,69864745606976956967958489833317860971,0.6489
rc_4_3_1,True,-87.64378863000782,179.98143307969687,136.2598091836395,201394011104321595539411664982445512508,0.6521
rc_4_3_-1,True,-87.64378863000773,179.98143307967723,136.10060952836028,191135419115432892685161915902610117263,0.6503
rc_4_1_1,True,-87.64378863000782,179.78143307969913,136.2598091836395,151492592985865079536139982670332612943,0.6554
rc_4_0_2,True,-87.6437886300076,179.68143307969774,136.33928069154308,223072008566501902586675785887854365351,0.6521
rc_4_2_-1,True,-87.64378863000773,179.8814330796951,136.10060952836028,323595916893030806509950546590922834014,0.6503
rc_4_1_2,True,-87.6437886300076,179.78143307969913,136.33928069154308,6786220395771327270975084496624966883,0.6521
rc_4_2_-2,True,-87.64378863000762,179.8814330796951,136.02088055248524,108982558661874617362755902024286525953,0.6489
rc_4_1_0,True,-87.64378863000765,179.78143307969745,136.18025226711242,297267478073752121925346703995146701136,0.6555
rc_4_3_2,True,-87.6437886300076,179.98143307973612,136.33928069154308,45990596217720087261255815033337589353,0.6521
rc_4_4_-1,True,-87.64378863000773,-179.91856692030692,136.10060952836028,101329754025050295182689978886631185515,0.6503
rc_4_4_-2,True,-87.64378863000762,-179.91856692030245,136.02088055248524,314348599125369998082914583080829184291,0.6489
rc_4_4_0,True,-87.64378863000765,-179.91856692029796,136.18025226711242,187914936299182918404154525436716969410,0.6555
rc_4_4_1,True,-87.64378863000782,-179.91856692030245,136.2598091836395,102120228510329221337089142532403180899,0.6521
rc_4_4_2,True,-87.6437886300076,-179.91856692030692,136.33928069154308,64070323266715613841929998121017817740,0.6521
